"","gender","age","experien","wardtype","stress","hospital"
"1",0,0.871964954078744,0.446313016638096,1,-0.135304317521987,1
"2",1,-0.348472448955611,0.421884693273688,1,-0.539281541926801,12
"3",0,0.518503765888248,0.442464772145637,0,-0.713244140079642,1
"4",1,-0.390684978638979,0.557245746378939,0,-0.707295258265428,15
"5",1,-1.09278720910151,0.639356491970517,1,-1.60932489538883,23
"6",0,1.21001051044026,-1.96866155667422,0,1.63536241173874,11
"7",1,0.740900011274274,-0.148816361359868,1,0.435042218293427,21
"8",1,1.72426223915645,0.112463812551901,1,1.00548267778613,5
"9",1,0.0651539325793032,0.72467620264776,0,-0.0312030605918913,3
"10",0,1.12500274582817,-1.18748607600528,0,2.46636859382112,2
"11",1,1.97541905401908,-0.499600189815913,1,0.187962144703216,12
"12",0,-0.281482115038967,-1.07364299075116,0,-1.31851751884394,20
"13",1,-1.32295111275522,1.05724021270968,1,-0.753180573123295,6
"14",1,-0.239351567138116,1.27907258320933,1,-0.00976389190193983,7
"15",0,-0.214041239985383,0.787676725359233,1,-0.286000508158114,4
"16",1,0.15168050450932,-1.22240338257699,1,1.64737902685605,10
"17",0,1.71230497731928,0.451952116736654,0,1.57026872609296,11
"18",0,-0.326143892505348,1.15044918638092,0,0.341266270246609,9
"19",0,0.373004655804915,0.167940980736459,0,0.423715952837927,8
"20",1,-0.227684064895531,-0.56610933289597,1,-0.452514478095481,14
"21",1,0.0204507085250325,-1.08611824061135,1,0.13001848556979,23
"22",1,0.314057663506262,-0.665302795560156,0,0.564506184750709,14
"23",1,1.32821469603699,0.714848355949339,1,0.844027251852653,7
"24",1,0.121318377490778,-0.431661100381928,1,-0.185711378794513,22
"25",1,0.712842320031113,0.227614939940088,1,-0.674251554299151,6
"26",1,0.778860029783535,1.2949457956703,1,1.88666681341209,21
"27",1,0.914773270855634,0.578334940469455,0,0.311335324310826,19
"28",1,-0.574394552184383,1.36467278147354,1,-1.53451780941574,23
"29",0,1.62688121419468,-1.70157980266041,0,2.15966301258073,15
"30",0,-0.380956739294013,-0.280676279713792,1,0.473614030536923,9
"31",1,-0.105784167649752,0.0650680194921931,1,0.610363363732134,19
"32",1,1.40405026771417,0.578589291608515,1,0.074407227284038,15
"33",1,1.29408390614558,-1.16920662152897,1,0.563996325057198,5
"34",1,-1.08999187241124,0.806184855447289,0,-0.62608872731576,6
"35",0,-0.873071000417463,0.307390076162333,1,0.471990311303913,9
"36",0,-1.35807905937061,0.263806013604717,1,-0.558350763288485,15
"37",1,0.181847192619832,0.508484791605046,1,-0.830401099433515,4
"38",0,0.164840867918466,-0.116358439876994,0,0.243263283766328,9
"39",0,0.364114687355063,0.925546098499114,0,0.247336460863741,8
"40",0,0.552157714218558,0.64822977373149,1,0.0180456149417313,7
"41",0,-0.601892845985016,-0.150209374167699,0,0.534161142093163,18
"42",0,-0.993698591098714,1.0403770193407,0,-1.27021819519114,10
"43",0,1.0267850560749,0.292558684946182,0,-0.836407153246844,12
"44",0,0.751061302606323,0.668751399439465,1,2.07184275373434,11
"45",0,-1.5091665373287,-0.594177641624221,1,0.627854190004554,6
"46",0,-0.0951474508492868,1.58043183698592,0,-0.608581210667022,11
"47",0,-0.895947822756499,-0.0039889443499837,1,-0.0553411779097374,9
"48",0,-2.07075107054196,0.847842768893476,1,0.342181203613658,19
"49",0,0.150120131188143,-0.100116525892691,1,0.285658564021146,19
"50",1,-0.0792117092585882,-0.279629906980599,1,0.159234340315767,2
"51",0,-0.097369267513081,0.784438245280006,0,-0.208041548363618,22
"52",0,0.216152541801233,-1.58461664459117,0,0.483739746804246,3
"53",1,0.882465164396587,0.47836614779403,1,0.490127201281442,15
"54",0,0.205597504483387,0.393566372994815,1,0.445478985330191,13
"55",1,-0.616435842873528,-2.69532936912452,0,1.82219217226089,22
"56",0,-0.734799251921281,0.368377328533257,0,-0.994763299520896,23
"57",0,-0.131802793041181,-2.16841774734701,1,1.01702222607075,1
"58",1,0.310016986578952,0.65980437689272,0,-0.521652245105931,17
"59",1,-1.03968035270204,-0.45391373338119,1,-1.15840149831579,10
"60",0,-0.184308868842384,-0.694936825234894,1,1.51902902537715,14
"61",1,0.967267260167914,-0.00684630317266509,1,0.0337467751279335,23
"62",0,-0.108280091234486,1.37305204498399,1,-1.3651703726998,11
"63",0,-0.69842066759439,-0.635323077217894,1,-0.0716033490975075,3
"64",0,-0.27594516842554,0.558103293948777,0,-0.936434948823055,15
"65",1,1.11464854536198,0.341157868421877,0,0.916103464776444,3
"66",0,0.550043961214136,-1.17951862914156,0,3.19483576324727,22
"67",1,1.23667580008161,-1.74102201733397,0,0.116159423089169,15
"68",1,0.139097857161771,-1.99258577123914,1,0.554231303579393,17
"69",1,0.410275096490425,0.551274211467889,0,-0.0144098346254848,17
"70",0,-0.558456912348133,-0.0347420615312984,1,2.75963649665873,3
"71",1,0.605370668930333,1.85057170361062,0,-2.80555001998962,11
"72",1,-0.506333542189239,0.573675108263045,1,-0.884700556440174,11
"73",1,-1.42056550469574,0.849695891082609,1,-1.82300704251409,21
"74",0,0.127992965684126,1.33438358533495,0,-0.315456729396143,7
"75",0,1.94585121773144,-0.500719097964974,0,0.710382589210268,14
"76",0,0.800914339573062,0.510097928228489,0,-0.326282623212666,10
"77",0,1.16525338994626,0.868793270244154,0,1.97024628804282,18
"78",1,0.358855723093152,1.36935168800303,1,-0.260413876138904,18
"79",0,-0.608557178316224,0.762651146326369,1,2.17947799479112,19
"80",0,-0.202240855110284,0.421147173037333,0,0.887953460807643,8
"81",0,-0.273248106811925,-0.868224047271223,0,-0.579221436576206,12
"82",1,-0.468699779782087,0.729560360957693,0,-1.22411534335832,7
"83",0,0.704167283929716,0.500265872418287,0,0.569126605612592,22
"84",1,-1.19736350236541,0.634250253706911,1,-1.12529342633884,22
"85",0,0.866366132112773,0.423645045572256,0,0.707987222614035,7
"86",0,0.864152486225893,-0.201838044710004,1,1.34760295632716,13
"87",1,-1.19862235906875,-0.0768658984340142,1,0.0359152233963435,20
"88",1,0.639491997900534,0.687364113281517,1,-0.311965689473994,23
"89",1,2.43022665234451,0.17163150692454,1,-0.177291724288834,9
"90",0,-0.557215481941608,-0.830108574326988,0,-0.680679326291031,21
"91",0,0.844904241408072,-0.290159119805667,0,0.942233279159468,21
"92",1,-0.782201845619403,-1.31912572417651,0,0.952736636019937,9
"93",0,1.1107114182028,-0.967031902668912,0,0.859085091131165,16
"94",1,0.249824719926562,-0.144611070135517,0,0.625492142045826,18
"95",0,1.65191539162316,-1.79813255637493,0,3.38180866887222,12
"96",0,-1.45897072853692,-1.68854247459158,1,2.42566834581503,11
"97",1,-0.0512978861253612,1.10256519943608,0,-1.02250260565334,1
"98",0,-0.526925176125598,-0.57661892421144,0,0.911321419595999,21
"99",0,-0.197264869076299,-1.85169172955149,0,0.298413986733258,3
"100",1,-0.629578742686005,-0.112863239428975,1,0.426144512590623,23
"101",1,-0.833843580535001,1.32106926722151,0,-0.883661396598543,14
"102",0,0.57872237461645,0.662254296934641,1,0.561829216921059,23
"103",0,-1.08758071407693,0.441383198353637,1,-0.784900927673787,20
"104",1,1.48403093155628,1.18374591227984,0,0.856943907028261,18
"105",0,-1.18620658531375,-0.771501441100894,1,0.325961792725214,7
"106",1,0.10107915139528,0.729689191352037,1,-0.736150786701387,11
"107",1,0.532989286826481,-0.58708561577886,0,0.0902376360183818,19
"108",1,0.586735339092625,0.000764186362514016,1,0.110039961803322,6
"109",0,-0.30174666386638,2.21446531934013,1,1.04944967306466,16
"110",0,0.079501995328401,0.969434395709261,1,-0.928632101317903,13
"111",1,0.961264151809677,0.768007713717215,1,2.09962903884337,16
"112",0,-1.45646591707643,-1.10832791181816,0,-0.321569855461615,14
"113",0,-0.781739711532082,-0.786235919994713,1,0.66137146814165,15
"114",1,0.32040231431661,2.2841164802616,0,-2.77765570156312,7
"115",1,-0.444781978336992,-1.09330076397331,0,-0.486082429311374,1
"116",0,1.370003993971,0.214479375285073,0,1.24319289701953,16
"117",1,0.673253863354836,0.892571059637072,0,0.13223488898532,7
"118",1,0.0721667524147558,1.01875797234226,0,-0.138534376535764,2
"119",1,-1.50775731753668,1.08911201091924,0,-1.33132039783648,2
"120",0,0.0261002253262418,-0.163128989885215,1,-1.21036141621792,5
"121",1,-0.316415868196993,-0.820986697119997,1,-0.858778414079445,16
"122",0,-0.102346513520598,-0.307257232988639,0,0.207203824503813,22
"123",0,-1.18155922705569,-0.902098008539463,1,1.01667286312914,10
"124",0,0.498658043829925,0.627068743114984,0,0.991264944353289,21
"125",0,-1.03895644030703,1.12035502842611,1,-0.505642528377292,12
"126",1,-0.22622198144241,2.12721355249353,1,-1.03627291034403,21
"127",0,0.381425829451352,0.366114382931719,0,0.143736950458868,18
"128",0,-0.783515789013048,-0.874781377193686,0,0.510808289014397,9
"129",0,0.582991405680064,1.02447486299323,0,1.50895175011307,20
"130",1,-1.31651040165169,0.90475889369531,1,-1.38403872632002,21
"131",1,-2.80977467896054,-0.238248695902827,1,-0.853212635655606,6
"132",1,0.464967990785852,-1.55785490387231,1,0.632873193044674,12
"133",1,0.840539826961,0.761309895393914,1,-1.38877994469836,1
"134",1,-0.285845423591384,1.12914439564163,1,-1.40023157495647,16
"135",1,0.504126254591608,-0.295107830705934,0,0.233142230136639,8
"136",1,-1.15591652508367,0.536242818358026,1,-0.164701622729322,18
"137",1,-0.127148606825662,-0.275890474750511,1,1.01119398152435,15
"138",1,-1.94151837604062,0.682315245137513,1,-1.21323685280184,23
"139",1,1.18118089143852,-0.117290714714849,0,1.47136138683426,15
"140",0,1.85991086154316,-0.344675863920062,1,0.173446275758917,9
"141",0,1.07401226028199,0.11162049819721,0,-0.912423300964291,4
"142",0,-0.0273469664137418,-0.283405314982296,0,-1.34868916311666,20
"143",0,-0.0333303422759193,-0.591017164454285,0,1.53958164479237,15
"144",0,-1.5160676231511,-0.315936931242398,1,0.443418571524884,7
"145",1,0.790385343888228,-0.00815215232553516,0,-0.102819941260199,23
"146",0,-0.210734180691776,0.207495140718474,1,0.01729502754937,14
"147",0,-0.656742925361075,1.53242362162584,1,1.16088983450421,8
"148",0,-1.41202579265831,-1.35799783095348,0,1.57720727121,10
"149",0,-0.299762496646272,-0.199619050552942,1,-0.507573420118465,9
"150",1,-0.849061135016708,0.631523127780826,1,-1.78467899048031,7
"151",1,-0.397030520327837,1.76202090344287,1,0.180455024513075,4
"152",0,-1.2175999877636,0.426014362615495,1,0.484763037717997,10
"153",0,1.6875894829457,-0.0137534164753999,1,0.339153164373099,1
"154",0,-0.0160025272079689,-0.307556909596359,1,0.873350106125829,23
"155",0,1.07494507727239,0.41430816410829,1,-1.3333267681043,1
"156",0,-2.60169967025765,0.98905792019639,1,-1.15369329667963,12
"157",1,-0.453197829994837,-0.183858310546053,1,0.259881531199417,14
"158",0,-0.675482291592071,0.163761406846557,1,0.125713098728071,21
"159",0,-1.22292617936591,0.216936344144384,0,-1.19780230170753,2
"160",0,1.54660915422409,0.729277634209656,0,1.36148397008541,12
"161",1,-1.41528191976949,1.11138040702469,0,0.168580991330959,7
"162",0,0.318390260408025,0.279160816939631,1,-0.47418008066688,23
"163",1,0.846436285579692,-0.0761706715471799,0,-0.115998096251879,23
"164",0,0.178190188418023,1.39466313220858,1,0.623636503764584,21
"165",0,-0.875255477495516,0.164534117605585,0,0.858178247467628,23
"166",1,0.941165806724167,1.57785197879348,0,-0.989646416458644,1
"167",1,0.170588081840838,-0.0619226576195498,1,-0.835590895920192,19
"168",0,-1.06349790638204,0.613922964193686,1,0.257913984515176,3
"169",0,-1.38804904760206,-1.54608859424524,0,-1.19343382675468,4
"170",0,2.08671743449315,-0.112391961337408,1,0.0664563530411475,12
"171",1,-0.678503145418437,-0.0217945399608857,1,0.459059785576236,17
"172",0,-1.85557165391804,-0.758345417416546,1,-1.3114729199235,21
"173",1,0.533259362753652,-1.0358928844223,1,-0.701854661786829,11
"174",1,0.310230256060895,0.948159302551811,1,-0.577342168615492,17
"175",1,-1.3538343357226,0.91415873392772,0,-1.08365875935631,19
"176",1,-1.94295641358195,-1.29873199484646,0,-1.76533760084769,16
"177",0,-0.116302517158606,0.424378794934342,0,0.62028270834589,7
"178",1,1.13939629170942,-1.11254531995509,0,-0.444995846975605,18
"179",1,0.636124035182149,-1.05107322618156,1,0.278286980949696,9
"180",1,-0.492937424161977,0.525412448266355,1,-0.575162155057019,20
"181",1,-0.834188231584378,-0.686024000093054,1,0.586617802287282,2
"182",0,0.271066756750545,0.993479982122214,0,-0.0146407357875711,21
"183",1,0.157353347216158,0.0385235990753455,0,-0.270279742904698,4
"184",0,0.629711746692728,0.536148975785724,0,1.79909441529729,5
"185",1,-0.395797950288896,-0.523626697886161,1,0.335392981378545,15
"186",0,0.899354053203099,-1.15122133494359,0,1.51598963095269,19
"187",0,-0.830811527336248,0.914752241002756,1,0.324515217132858,14
"188",1,-0.330544700119963,0.238071491562714,1,0.264398704435718,10
"189",1,0.740814523725905,-0.239067759454706,0,1.30394544084723,23
"190",1,0.989971608627113,0.0692353265457363,0,-0.0167401261828045,23
"191",0,-1.93850470145338,1.32590834259925,0,-0.364757942253039,21
"192",0,0.107190407016153,-0.698166634620072,0,2.3993668670665,7
"193",1,0.60877901173463,-0.749408444463181,1,-0.173553747285107,7
"194",1,-1.45082431349063,-0.619615052707355,1,0.961609976419127,18
"195",1,0.480625599875217,-1.58499126820987,1,0.0207066452254526,23
"196",0,-0.828174270396797,0.819628137503742,0,1.41019764016909,22
"197",0,1.02025301216443,0.192369646744246,1,-0.0304710076710775,1
"198",1,0.538482032102641,0.207171974217929,1,-0.78618979332918,1
"199",0,0.769052294995609,-0.0433473543476873,1,1.5466775929001,4
"200",1,0.120719329287034,-0.51016044142411,0,0.916891963196747,23
"201",0,0.863648434157753,-0.823418613776223,0,1.32669500473869,4
"202",1,1.38051452831454,0.851856403292672,0,0.0997055793901089,21
"203",1,1.96624801545563,-1.42618467292015,0,1.01006702241174,12
"204",1,-0.028395054749065,0.440298941965411,0,1.54113011006055,2
"205",0,-2.2490510903324,-0.792611650757683,0,-1.21852091734329,3
"206",1,0.0315260045939917,0.282310214545467,0,-1.1623798397868,20
"207",0,0.205561208449975,-0.740690522190153,0,-0.525241075631106,22
"208",0,-0.155345347144399,-0.52334168268403,0,1.3566549638574,18
"209",0,0.568288620777075,1.76936591702701,1,-0.307738115941054,17
"210",0,1.01067796451426,0.668282618933513,0,0.2137944185269,9
"211",0,-0.517982430167822,-2.14489702427566,1,2.66834306676825,7
"212",0,-0.29409532715611,0.126412416100317,0,-0.308655966777534,23
"213",0,0.397842208800339,-0.451812936257225,0,2.42875184683498,17
"214",1,-0.550223741489138,-1.13662618777767,0,-1.18383079229537,23
"215",0,0.0912673834882354,0.209785890431194,0,1.48144108465417,13
"216",1,-1.9617075988853,0.129965516019362,1,-0.304039871026522,12
"217",0,-1.11989972139762,-0.328506572568084,0,-0.167085463221841,23
"218",0,-1.32775547560413,1.97270356733745,1,-0.75457969902504,10
"219",1,-0.853623696727242,-2.24869006681656,1,1.71833140436014,10
"220",1,-0.693304527930666,0.838219387278491,0,0.926059963951049,23
"221",0,0.38230514254637,-0.289023270462573,0,-1.00732969394108,22
"222",1,0.982113002522641,0.656513410579383,0,2.94625059035825,5
"223",1,-0.727383529087535,-0.453997700638682,0,2.17045511776735,21
"224",1,-0.996838982378005,-0.593864562445098,1,-0.598005392252911,12
"225",0,-1.04168885898951,-1.71037966639463,1,0.70842255776808,17
"226",0,-0.414588726363674,-0.209448428272738,1,-0.220639049875572,18
"227",0,-0.239029068152564,2.47874580135709,1,-0.606477020606483,4
"228",1,0.483617533838269,0.989702208129369,0,0.2678017492534,10
"229",1,-0.32132484216839,1.67557215582683,0,-0.741702249279192,12
"230",1,-2.07848926886002,0.914965318314041,1,-0.727339446149733,8
"231",1,-0.0914342755501383,1.14426270796186,0,0.753253998967231,9
"232",0,1.18718681065156,0.902876414499107,0,-1.71885446110308,3
"233",1,1.19160126851033,0.475392431765103,0,-0.508926471183896,22
"234",0,-0.78896321811123,-0.582528773997008,0,0.485527953020823,21
"235",0,-1.54777654363757,-0.532934737323476,1,-0.479625542106086,17
"236",0,2.45806049186527,-1.60083999637529,0,2.43629370155109,20
"237",0,-0.162421942479419,-0.00581771387999253,1,-0.0348147126048164,12
"238",1,-0.0974512501056172,0.899355675856713,1,-0.826895061146862,11
"239",0,0.420574188698147,1.03192255652607,0,1.15104382966872,23
"240",1,-1.61403945661912,0.0951327044554184,1,0.255334529385001,15
"241",1,-0.728219111191288,-0.547627617221911,0,-0.284598227360594,17
"242",1,-1.54044240529001,3.29051744331853,1,-1.91284909339586,9
"243",0,-0.693094614010595,0.736685531250424,0,-1.40912455183717,16
"244",1,0.118849433004561,1.42057530487914,0,-1.27944892553742,1
"245",0,-1.36470945798691,-0.337680640667324,0,2.50300366971383,10
"246",1,0.589982679367313,-0.0379576270545946,1,0.0206528098242563,22
"247",0,0.289344028817336,0.448607097706726,0,1.0747284132039,1
"248",1,-0.904215025620639,1.67652231194829,1,-1.06548004977163,7
"249",1,0.226324942381064,-0.311474545456128,1,0.62251548648128,12
"250",1,0.748081162493843,0.853615666783069,1,-0.270571395057834,19
"251",0,1.06109525326174,-2.09481463432023,0,2.56121006550261,14
"252",0,-0.212848278646528,-0.507254434081633,1,0.0770812889889025,3
"253",1,-0.0936367939110456,-1.29200907676331,1,-1.22113188135971,5
"254",0,-0.0867141349819251,1.1133627173571,0,0.739336527406965,12
"255",1,1.44146175605504,-0.164453088280257,0,0.00602513307803026,1
"256",1,1.12507189227799,-0.390374082006742,0,1.56316439347351,2
"257",0,0.834401567757039,1.36909984619857,0,0.157825293365452,14
"258",0,-0.287340799840693,1.11627285824002,1,1.27268965914843,7
"259",0,0.373241434166406,-0.898021203467497,1,1.12986437782252,15
"260",1,0.403290331220696,0.427866487609647,0,-0.54591803422202,17
"261",1,-1.04167329428932,-1.22844456851225,0,0.68095806499111,13
"262",1,-1.72830451532074,-0.475615024211179,1,-0.749764535158118,8
"263",1,0.641830027651616,1.61657763714695,1,1.0202882450389,19
"264",1,-1.52931053118042,1.45012795133044,0,-0.90421673351732,22
"265",1,0.00168368848420991,1.10901875546684,1,-2.33729493402337,1
"266",1,0.250247821348331,-0.570903886330324,1,-0.267172303879686,3
"267",0,0.563867390305883,-1.88143147027555,1,-0.287198344892908,5
"268",0,0.189426237514811,-1.17569818402416,0,-1.19573269609884,23
"269",0,-0.732853806297125,0.95255652462752,0,-0.119884332428367,2
"270",1,0.986365859895462,-0.290567886165088,0,0.752016490396096,7
"271",1,1.73863376690625,-2.16260814556798,1,0.376439039984692,22
"272",0,0.881178808925443,-0.180187487716462,1,-0.535826176797062,17
"273",0,-1.94365090132398,1.41023922112458,1,-1.09125434549514,20
"274",0,1.39957618540294,0.643468640519534,0,-0.982231505175175,13
"275",1,-0.056055946186268,-0.821258543529422,0,0.746464665683268,20
"276",1,0.52491427931929,-1.54591665206502,0,1.01988289924058,4
"277",1,0.62203323587106,-0.826547225636788,0,-1.1895141768099,2
"278",0,-0.0966860732067051,0.0345276713215226,0,-0.271382427100265,4
"279",0,-0.0752631976487263,0.888073700912057,0,0.95693460716988,8
"280",1,1.0191570693309,-1.93994015479026,0,0.596672252918772,3
"281",1,0.711601922486244,1.02320175527412,0,-0.356887903502092,9
"282",0,0.990262246044231,0.00545772658802192,1,1.01640240418328,8
"283",0,2.38292669523033,0.569778969605829,1,1.3330875733207,7
"284",0,0.664415863694087,-1.65325556323487,1,2.24432061389249,8
"285",0,0.207381157385307,-0.666654380122182,0,1.3200150256015,4
"286",0,-2.21063311057562,-0.448234189265524,0,-1.28076671633122,22
"287",0,2.69171400324612,1.04389134830903,0,0.261059376824741,21
"288",0,-0.482676821796308,1.02817404739542,0,0.133414035630459,19
"289",0,2.37473471509539,0.435090459248337,1,0.707560783162516,11
"290",1,0.374643568004988,1.60421218162388,1,-2.56102882727584,11
"291",0,1.53843019889679,-0.515411199745366,1,0.255780409072589,6
"292",0,-0.109710321176239,1.01253719377392,0,0.875279101404934,4
"293",0,0.511470754698125,-0.035940029790719,0,0.608282777816371,1
"294",1,0.213957979642262,-0.667342096176409,0,-1.22872575024694,19
"295",1,-0.186120699373496,0.923380038330837,0,-0.342585450104121,3
"296",1,-0.120393824622494,1.3811003308495,1,-0.755308431908093,11
"297",1,1.01283433584425,0.878250416184849,1,0.443144994106319,3
"298",0,-0.2014581469715,-0.509403455422264,0,2.38584232103356,18
"299",0,-2.0376824944408,-0.469787634155099,0,-1.35903615010242,8
"300",1,-0.195889248829828,1.377675846806,0,-1.16235774181883,16
"301",1,0.539790605536274,0.352826406417748,1,-0.221120080380804,4
"302",0,0.61645571635144,0.829573979321121,1,-1.68942036038332,2
"303",1,0.616567817477434,-0.338701983664306,1,0.13844006711641,18
"304",1,-1.69210152086908,1.26103493646465,1,-1.47524910376625,8
"305",1,0.368742058011194,-0.808755144962193,0,2.23854934578939,21
"306",0,0.967859209947064,0.625351520866631,0,-2.32335267673842,12
"307",0,1.27657868146766,-0.817174965568112,0,2.27465636324478,17
"308",0,-0.224961271044116,-2.46257501658577,1,2.14153504859901,6
"309",0,-0.321892586182801,-1.34295751067967,1,1.47565726761548,15
"310",0,1.48783783187804,0.136295199210162,0,0.764763947871761,21
"311",0,-1.66792804577932,0.882922749625827,0,-1.01529523072503,21
"312",0,-0.436829976913125,-1.75130208309482,1,1.93062805513477,20
"313",1,0.457462079357455,-1.25142446891953,1,-0.356310449186751,13
"314",0,-1.61777376538123,1.76454599657549,0,-0.0324854321144743,6
"315",0,0.279627862431757,-0.433899349823264,0,0.917517587651885,23
"316",1,1.87786402105219,0.505700131930602,0,1.06977179167335,10
"317",1,-0.00406065343634058,-0.526935321377321,1,-0.455308018060385,13
"318",0,-0.278454024963586,-0.298582885151505,1,-0.0822474553509333,16
"319",0,0.474911714034054,0.0872442066052375,0,0.687710441733848,3
"320",1,-0.279072170787307,0.0109618427990058,0,0.039042142191272,19
"321",1,0.813400374079065,-0.192560211042065,1,1.41419420214517,9
"322",0,0.904435464449695,-0.469796485143739,0,1.15115224272354,15
"323",0,0.00269166123012091,-3.04786088979872,0,1.53878220811258,6
"324",1,-1.17669215774973,1.8686555003337,0,-0.334826250344804,9
"325",0,-1.31822072745909,1.79042420824304,0,-1.10108143866342,22
"326",0,-0.592997365655317,-1.10108174171923,1,1.65365201756686,16
"327",1,0.797380500549836,-0.168107522109968,0,-0.858349687786764,20
"328",0,-1.95820517465693,1.37527530471249,0,-0.299831804248611,19
"329",0,-1.88632515873255,0.998290023052202,1,-1.94024241982814,23
"330",1,-0.653779824760103,1.27660161874577,1,-0.473268994804656,4
"331",1,0.394394847980585,-1.0717469181598,1,-1.05639669887303,22
"332",0,-0.913566048164992,2.57726809619797,1,-0.924568906522695,13
"333",1,0.886749037096059,-1.13345995977033,1,-1.09277901804012,7
"334",1,0.333369970155182,0.753916341883288,1,-0.867215156707128,16
"335",0,-0.17063961823861,0.141275980445689,1,-0.390070982692493,11
"336",0,0.81882813653178,-0.403710317962031,1,1.24603145887508,23
"337",1,0.388365162819368,-0.379415798181019,1,-0.40272478798947,18
"338",1,-0.445935027212156,-0.991396812531003,0,-0.626327015270576,14
"339",1,0.23111493441816,1.62265979575681,0,0.425227758219258,4
"340",1,0.647513357977592,0.0895132277627515,0,1.4705149492355,15
"341",0,0.356283344862047,0.259217949214378,0,1.32116531893498,16
"342",0,-0.658010207949479,0.209632833061035,0,-1.25456427532251,10
"343",1,0.855202205064192,-0.375170753060867,0,1.32465628940379,11
"344",0,1.15293622555862,-1.13402124475505,0,-0.119885877807006,20
"345",0,0.276274556543337,0.253726309683961,1,0.316565740721371,20
"346",0,0.144104662462187,-2.09363944995893,1,1.84806347703511,19
"347",1,-0.075625080779838,-1.41856694283561,0,0.116232231159441,1
"348",0,2.16141584630279,-1.07639669493838,1,1.15267219367787,5
"349",0,0.276315532135793,-1.07867886267235,0,0.89106372619651,16
"350",1,-0.158294028699944,0.107188816567081,1,0.219516915146735,2
"351",0,-2.50791780219725,1.59848754832474,1,-0.364906982850153,22
"352",1,-1.56528176503053,-1.51532414406497,0,-1.57582981276354,23
"353",1,-0.0776732006105648,0.433676020596611,1,-0.427047646033565,20
"354",0,0.206294044843098,0.899544753321039,1,0.399931587046674,10
"355",1,0.276872458861614,-0.989532202288876,0,0.780915535676337,5
"356",1,0.821506780448618,-0.0527994015224791,1,-0.175472564617942,16
"357",1,-0.194152409320457,0.823610902622057,1,-1.07210769512379,12
"358",0,1.21458879448256,-0.255509102547389,0,-0.541806569077485,23
"359",0,-0.921516042869578,-0.220684347251213,1,-0.394256420066881,15
"360",1,-1.20844272044307,0.307726791210618,0,-0.6715231952253,1
"361",0,-1.22898617755381,-0.0600132533332709,1,-0.437115935586209,12
"362",0,0.742297024186518,-0.555652889939218,1,1.31814296570202,8
"363",1,-0.082919942339226,-0.138615019460891,0,0.19378905672016,10
"364",0,0.789817921820499,1.88283979238647,0,-1.61393718789447,10
"365",0,-0.267706421557085,0.873668679606028,1,0.326456154774621,7
"366",1,-0.591892102212813,-0.914597072827623,1,0.582299207597757,21
"367",0,-0.368352575126506,-1.24491762233132,0,0.446846097219981,22
"368",0,-1.85261682424173,-0.359982240682608,0,0.00354573166496317,10
"369",0,-1.16961526041411,1.32877470094798,0,-0.802284504334118,20
"370",0,-1.44203464635845,0.292679118416953,0,-0.3741202163144,15
"371",0,1.05432227197535,-0.701505236840661,1,-0.0184044367368942,6
"372",0,-0.5973300913628,0.88223456781802,0,0.270200864910021,5
"373",1,0.78945985279018,-0.133370388722892,1,-0.982046151295138,19
"374",0,1.51649060169196,-1.12067849929142,1,0.616771392456088,7
"375",1,-0.191774809109942,0.461192454211788,0,-1.21111230327922,12
"376",1,0.283878906352351,1.52414281017881,1,-1.36099391242711,15
"377",1,-1.75106751939608,0.434468298132828,0,-1.06781500890864,4
"378",0,-0.818669777519803,0.192000371138929,1,-0.293590405436888,6
"379",0,0.0562148493828386,-0.656243128417058,0,-0.0616315093586726,5
"380",1,0.299086903336152,0.568398530869528,0,-0.532526003624851,16
"381",1,-0.759398117298882,-1.07057053489039,1,-1.34097824594159,9
"382",1,2.6848589992268,-1.65314902448089,0,1.13809689467384,21
"383",0,-0.458390139092389,-0.0433527684937541,1,0.891893405669911,18
"384",1,0.0642435566300379,-0.0345935057990383,1,-1.23889666832733,4
"385",1,0.649791867153518,2.36505553200281,0,-2.1412510841285,13
"386",1,-0.0260186347739953,-1.2163473078919,0,2.28690609685987,16
"387",0,-0.643567387027114,0.170906323349044,1,0.415518459064786,13
"388",0,1.04530566396331,0.805053093622193,0,0.340735943514506,3
"389",0,1.6155453232072,1.05059284411588,0,0.157528067993509,6
"390",0,-0.0296939710498354,-0.0107244846593236,0,0.77847585209869,17
"391",1,0.562267345403066,-0.743256141429252,1,0.330738046981036,22
"392",0,-0.0974124985026302,-0.0657840518699871,0,-0.164943881375662,19
"393",1,1.01645521770216,1.93975599193716,1,-0.936977955392479,22
"394",1,-1.15616739425985,0.482739008175833,1,-0.849477914900009,23
"395",0,2.32086022399448,-2.04447707255807,0,1.3016465268222,6
"396",0,-0.603531247788338,1.42345912865025,0,-0.99510620494994,10
"397",0,-1.45884941443809,0.540502660915081,1,0.856484846607601,20
"398",0,-0.35091782719307,-0.033571771837525,0,0.348027688015318,21
"399",0,0.146708484145002,-0.0178636211100986,1,-0.257270171947944,8
"400",1,1.62362120768023,-0.149789719793403,0,0.799220096315925,8
"401",1,0.91120967677132,0.25655948095525,0,0.270364552288085,3
"402",0,0.142458432045787,-0.503866933037016,1,0.492438847657001,10
"403",1,-1.38948352398816,0.277011251660008,1,-0.151658223624009,18
"404",1,-0.866037744672114,-0.931356024820741,1,-0.796128702335019,20
"405",0,-0.163284932229294,0.200146875274757,0,0.0425203410648459,18
"406",0,2.55302611346059,1.10683742066645,0,-0.374037194928823,5
"407",1,-1.86022757421841,0.509206113653801,0,-1.86298398594574,15
"408",0,1.13105465184602,1.03374967645111,1,0.00427632898748043,15
"409",0,-0.527234257233921,-1.09086876180262,1,0.821928002100598,15
"410",1,1.66599089998742,0.0547927844725968,0,-0.634684817114185,2
"411",0,-1.1392006399734,0.617250302722063,0,-0.310026737607098,5
"412",1,0.143623234662747,-1.06800486773328,1,-1.35547463461402,17
"413",0,-1.09955094170275,1.56581433705846,0,-0.882691845978184,22
"414",0,0.903516426361675,-1.03480801098526,1,2.04970061590336,6
"415",0,1.48377948873809,0.16451870850584,1,-0.355118274237603,19
"416",0,1.95072100640115,0.151832330355081,1,-0.279753615729978,5
"417",1,0.797600657589519,0.121670301966854,0,-0.228431692688044,4
"418",0,1.84326625457782,-0.210424583643468,0,1.3233692456512,14
"419",0,1.24642390866165,0.449936787146205,1,1.66619469987736,15
"420",0,-0.131874911824015,-1.03116449189746,1,3.15965686860799,12
"421",1,0.4770372382847,-1.28936418822322,1,1.19963138344897,21
"422",1,-0.971994211475933,-0.654568638113246,1,0.520484080239203,18
"423",1,-0.185202169400994,-0.0573241038477797,1,1.73027628807899,22
"424",0,1.22096370834882,1.25674782035705,0,-0.100388643533211,6
"425",1,0.54128414348235,1.58745413986454,1,-0.723721285021913,6
"426",1,0.45735733162533,0.319481462544746,0,0.0540790379343248,16
"427",0,-1.03813103968721,0.381591622693148,0,-1.33878976219752,15
"428",0,-0.604513230334117,-0.243644883639445,1,-1.32145178172059,16
"429",0,-0.764606013753569,0.0480530840530341,1,1.85978331698048,2
"430",1,0.395295870013499,-1.40454586110179,1,-0.0334790680049017,10
"431",1,-0.990507630466559,0.289933728895764,0,-0.921213723192859,19
"432",1,0.562041390099052,-0.535553582293745,1,-0.681902231294007,22
"433",0,-1.11641641193354,0.334678773100549,1,0.160670302146868,8
"434",1,1.82853045813536,-0.345981339154502,0,0.915960374475083,15
"435",0,0.460591349478104,-0.661615734836447,0,0.464258974214335,5
"436",1,-0.70100361225327,-0.219111376802046,1,-0.168681247180808,3
"437",0,0.241045932501223,-0.366904910633707,1,1.46016603863745,11
"438",0,-0.352453199227956,1.09457820784237,0,-0.145128856412123,4
"439",0,0.371147959759657,0.209208082437128,1,-0.0919230753425289,7
"440",0,0.2435327187603,0.432491426153216,1,0.256306160771055,14
"441",0,-1.01411417266147,-1.24085358580078,1,-0.159953596345275,10
"442",1,-0.79131387881947,1.49682170962802,0,-0.789539870123167,22
"443",1,0.299593684739564,0.159370441160762,1,-0.901179653884595,20
"444",0,1.63905190875156,-0.856281403403253,1,2.36170472237918,15
"445",1,1.08461700867092,0.309046645446821,0,-2.29452207099333,3
"446",1,-0.624567473618094,0.870434029844877,1,-0.182180160451419,15
"447",1,0.825922901647494,-1.38367713830156,1,0.138769798792107,4
"448",0,-0.0485683527562885,1.69010697003056,0,1.53771942926293,22
"449",0,0.301313651718405,-0.158030705178362,0,0.244422721355013,2
"450",1,0.260361490736558,1.12117078064864,1,0.00904110363865063,22
"451",1,2.57544976372339,0.0722613190889151,0,0.756334659181717,21
"452",0,-1.18528881058722,-0.332422844566724,0,0.399270627060943,14
"453",0,0.100919859012857,-1.83492004662686,1,1.54958864748577,1
"454",0,-1.77997728796762,-1.10017221858719,1,2.20162170229645,18
"455",0,0.589835922958758,-0.0413402999174309,0,1.33009526076718,5
"456",1,1.0966084717214,0.827852545117142,0,-0.0279617266081281,1
"457",1,1.44566224110115,-1.88167865415457,1,2.53608190359215,2
"458",1,-1.92514525183712,1.37544111232424,1,-0.497121417997814,11
"459",0,0.41276949719403,1.39899046430298,0,0.528704234086383,4
"460",0,1.59336995138365,-1.14331625591094,1,2.31640688269274,11
"461",1,-0.414015863042303,0.47230056219311,0,-0.286746117878868,13
"462",0,-0.212150532081949,-1.03363921335421,1,1.38349515314296,6
"463",0,-0.0365372222047413,-0.125199978688284,0,0.117679136333712,5
"464",0,0.365018751433036,0.928662738846683,0,0.204078151657453,16
"465",1,0.665159875745969,0.868339647698771,0,-0.285677620134132,14
"466",0,1.31782088371148,-0.849174603633478,1,0.429927670361218,3
"467",0,-0.0954875904449924,-0.386636454475566,0,2.30170583077152,19
"468",1,0.196278045472469,-0.976163570997166,0,-0.290898924768008,18
"469",0,2.48799787722146,0.339543659904915,1,0.542638752031144,14
"470",1,0.431098928114991,-1.55907516443377,1,1.76133829766432,20
"471",0,0.188753109329833,-2.62932544155136,1,1.35862955811733,2
"472",1,-1.34224312528345,1.46981228187286,1,0.138780714563463,21
"473",0,0.00285604762222659,2.27347291299472,1,-0.946859131332817,9
"474",1,-0.221326153166881,-0.455033540238828,1,0.00103003013392186,17
"475",1,-0.0110458298093738,0.761102487094892,0,-0.670366479365043,14
"476",0,-0.575417641271167,-0.00750278370972113,0,-0.682715395274986,20
"477",1,-0.686815652442701,1.47431379971599,1,-1.05193078289845,5
"478",0,-0.720773631820122,0.554143932569381,1,-0.553399179675063,3
"479",0,-0.214504515399774,0.203663965116151,1,1.06739830576441,4
"480",1,1.36813264802863,-1.79913645176587,0,0.516255741843414,18
"481",0,1.04908662655933,1.08295568079775,0,0.1197245644353,6
"482",1,-0.359975117943056,-0.350853615046856,1,-0.811149377978353,1
"483",0,-1.68591645453874,-1.40349008471503,1,0.705212030084329,20
"484",1,-0.844583428535954,-0.20179666491333,0,-1.76636289626697,18
"485",1,-0.457760533240508,-0.126778159792303,0,-2.92273669112748,5
"486",0,0.103638004228304,1.05920687266615,0,1.69781268548656,15
"487",0,-0.662607275700815,-1.167396032264,0,1.27983607590107,9
"488",1,2.00668069083189,-0.557643627318445,0,1.07176423772911,4
"489",0,-0.272267534418351,1.48811992838316,0,-2.29470298379299,20
"490",1,-1.21394447023951,1.35866576877003,0,-0.314751250955458,8
"491",1,-0.141261757282513,1.16321454390236,0,-0.139516400008,14
"492",0,-1.00537758159341,1.66152394534788,0,-0.557915451826455,9
"493",0,0.156155707275326,0.204030979829896,1,1.12404507727114,9
"494",1,0.233633614089869,-0.581883686869775,1,1.18521654918174,15
"495",0,0.355587611628384,0.555204061863422,1,0.183045579924962,15
"496",1,-1.62185825912421,1.05872312582593,0,0.852363456428579,21
"497",0,0.220711290970649,2.41363327147105,1,0.509613338142028,3
"498",0,0.310450080541646,-1.96498233271119,1,2.28823876640569,14
"499",1,-1.42110844750449,0.273235703066817,0,-0.885437436911416,3
"500",1,0.955365639730411,0.654794582869646,0,-0.298577352500492,3
"501",0,0.784170879094338,-0.0545986553603831,1,-0.232203902737041,6
"502",0,2.29961936115445,-1.55782224848511,1,1.8630704269439,5
"503",0,0.156702987375728,0.741500892086244,1,0.423241668392826,14
"504",0,0.0467335275180007,-0.779085741263919,0,0.700957884319637,16
"505",0,0.0965858340824363,0.505861498830513,1,-0.369202915028605,3
"506",0,0.0697662309003006,0.90755170601785,0,-0.18261545957858,19
"507",1,-1.84847277533767,1.28395701047459,0,0.756508050714241,10
"508",1,-1.67112705864224,-1.55786379738557,1,-0.783705219941263,19
"509",1,-0.0775389667912034,1.08174184817912,1,-0.865453139975838,13
"510",0,-0.581067380566498,-0.756981356946019,1,-0.741215954536178,23
"511",0,0.0547365250574253,-1.28901947384896,0,-0.332177166891663,6
"512",0,-2.11120837326053,1.31432066591943,0,-0.883840640243631,16
"513",1,-1.49869825452676,1.14625997326498,1,-1.20567907886788,23
"514",0,-1.10148343893874,-0.242583267705004,0,-0.401248948340492,7
"515",1,0.986058221060247,0.759540706238345,0,-0.914415116705101,9
"516",0,-1.09849000709012,-0.860325741423062,0,0.200307683060098,14
"517",0,-0.799513953576531,-0.151031579052044,1,1.30830074468656,1
"518",1,0.0798738186740527,-0.0937232337608719,1,-0.370663739180591,20
"519",0,-0.322746361825109,-0.280740054504004,1,-0.73918754614373,20
"520",1,0.146417178667962,0.734098736497243,0,-1.37020399944409,3
"521",0,2.30506198204569,1.53732753549595,0,-1.50006015512043,8
"522",0,-1.12460367125824,-0.455771062778902,1,-1.25394328154291,19
"523",0,-0.305469639909805,-0.0326584523557289,1,-0.333986357292069,18
"524",0,-0.516759449743733,1.6367573491655,0,-1.25495237263389,2
"525",1,1.51239542683245,-0.329041970526538,1,-0.67562715504942,4
"526",1,-0.769484922890278,-2.6040381706071,0,2.38124216505538,21
"527",1,-0.0820869037757183,0.513983786447932,1,1.30062927936499,22
"528",0,0.787133614322708,-0.886468011111257,1,3.24126567917996,22
"529",1,-1.0585905359484,-0.998538406003926,1,0.717275341321062,12
"530",0,1.65517581574201,1.42081681358485,1,0.145147837042328,17
"531",1,0.675762415474246,2.44799800701523,1,-1.75233448559722,17
"532",1,-1.07420660953035,-1.03978254140354,0,-1.05851063426346,15
"533",0,0.454577809057738,1.03102518166676,1,-0.303213129965838,19
"534",1,-0.213307143233068,-0.0941478383696331,0,0.980322632132958,23
"535",0,0.313228771994335,0.141807459220448,1,1.03795287980602,13
"536",1,-0.0899751970156634,1.2222367014564,1,0.263582665925379,2
"537",0,1.07051603677834,0.213674518441066,0,0.335800204354797,1
"538",1,-1.35110038570333,-0.851365353860758,1,-1.5275041071315,5
"539",1,-0.522616697195916,-0.470408874742861,1,0.245625055374405,17
"540",0,-0.249190677755399,0.686135255298873,0,-0.163073657983907,6
"541",1,-0.995798724851333,-2.3359473318599,1,0.217795732755002,10
"542",0,-1.03995504376619,1.09524438184847,0,1.69604129487554,23
"543",1,-0.0179802405766626,-1.56715009883224,1,1.24493323061265,15
"544",0,-0.132175132856735,0.0219310628183824,0,0.0855872385393893,14
"545",1,-2.54934277475043,-0.19035897759196,0,-2.43326305915202,6
"546",1,1.04057345571938,1.29306948602434,0,-0.64539828130382,10
"547",0,0.24972573598519,0.188849315056629,1,1.30196612879259,21
"548",1,2.41620737314833,0.101939134905212,0,0.695958403650644,7
"549",1,0.685198238051097,0.698135808858598,0,-0.00907066184838165,11
"550",0,-0.446959308961992,-0.827014556190432,0,1.4726208461349,10
"551",0,2.7973911469581,-0.195898856066376,1,0.973635731718919,12
"552",0,2.83222602391551,1.17758441380777,0,0.261847939503048,14
"553",1,-1.21871181629018,0.683473620979851,0,-0.927053898227547,7
"554",1,0.469031955955424,-1.27549670675253,0,1.05751417887019,3
"555",1,-0.21124691863215,0.637956367410881,1,-0.615564920086576,15
"556",1,0.187051146554012,-1.37758962460372,0,1.05132039398335,11
"557",1,0.227542728568814,-0.59831080371967,1,-0.952200813557304,19
"558",1,-1.26190046286905,1.21092038385701,0,-2.05039622552396,22
"559",1,0.285589580242562,-2.25104517544585,0,0.804825478832716,2
"560",0,1.7492473631418,-1.77901419088083,1,2.13471448988325,11
"561",0,-0.164090004134803,1.30137267282642,1,-0.461183366569877,11
"562",1,-0.162926710698454,-0.814792784052655,0,-0.448298954097155,11
"563",1,1.39857200633747,1.24370701857891,0,-2.87242228374409,4
"564",0,0.898396240682948,-0.168250200756106,0,0.942226312362673,3
"565",1,-1.64849481838129,0.427775678362924,1,-1.45394915622295,10
"566",1,0.228556973262187,0.813278889629239,0,-0.0370165962413274,14
"567",0,1.65354723467773,-0.651211869360044,1,2.32319197882937,18
"568",1,1.41527634991914,-0.304590923146605,1,-0.111303656354929,17
"569",1,0.41995160381423,-0.415097169645636,1,0.783359984781512,2
"570",1,0.721220807112894,2.81608427602238,0,-1.13402589270172,13
"571",1,-1.19693521218868,0.126147069097579,0,-0.157935660750513,15
"572",1,0.300131566881373,0.472800423111086,0,-1.32145638640691,3
"573",1,-0.954448935187822,-0.34075354094095,0,0.107902523788785,19
"574",0,-0.458018068096944,-0.24179064265461,0,1.50085127632632,11
"575",1,0.935603683779603,1.37875466885731,0,1.19974126196773,7
"576",1,-1.13689311169114,-0.338883669537391,0,-1.39900563837207,2
"577",0,0.266918250873058,0.0201363027607609,0,0.874107998232972,16
"578",0,0.428332039471543,0.376962164141067,0,-0.163916578618167,4
"579",1,0.0549119698396297,-0.431723745037877,1,0.545525576040127,1
"580",0,1.82218882183542,1.95906415617703,0,-0.0961026185747506,12
"581",1,-1.02234732857525,-1.42845961222117,0,-0.131917020487657,18
"582",1,0.6061302614356,2.01129297984563,1,-0.0413844129100233,7
"583",1,-0.0889305674506674,-0.351591888879179,0,0.612746752028402,1
"584",0,-0.260832243833924,1.35711964684949,0,0.0480266098728806,22
"585",1,0.464091233852381,-1.99917741100747,1,1.13950746531613,6
"586",0,-1.02040059068393,0.956080621428453,1,0.177859393073115,13
"587",0,-1.31345091651841,0.876431264976865,1,0.0463982020292374,19
"588",1,-0.494480875483423,-1.27121697156009,0,0.245000846671537,13
"589",1,1.75175714975545,-0.768323878489628,1,1.41757699110984,6
"590",1,0.0557647746125201,0.193524845470222,1,0.496146348222128,12
"591",1,0.331434398227886,1.14383542879701,1,0.302204384047133,12
"592",0,-0.18984663767754,-0.765999304028674,0,1.5674319488313,2
"593",1,0.470492731953825,-0.224125999053298,0,0.518618920537425,5
"594",0,-0.951679543017146,1.57134693497734,1,-0.507509030409203,12
"595",0,1.15791046656864,-1.12734724085149,0,0.00573438608144983,16
"596",1,0.584705260241351,0.947793980716858,1,-0.738747189602991,19
"597",1,-0.806452822691705,0.448768189234897,0,-1.31006356442143,12
"598",0,0.0545532458119923,-1.10581452855633,1,0.537271200536884,7
"599",1,0.716331619499123,-0.667867842173781,1,-0.172903551432222,23
"600",0,0.557730982054603,0.783277510302197,1,0.0818246521499779,7
"601",0,1.48193401587688,0.248959432712127,1,-0.269015345659919,22
"602",1,-0.61298775489485,1.42509827746748,0,-1.38311610694374,9
"603",0,1.11613661549039,-0.601783962091586,0,1.12858171911384,10
"604",0,1.03654800994122,-1.71448769637948,0,1.37255852333301,11
"605",0,-0.162483131902855,1.04782692647826,0,-0.443058931931683,21
"606",1,-0.975926692821885,-0.608621618434128,0,0.739833622609457,10
"607",0,-1.08914519088452,0.120340526822556,1,-1.38536488597156,7
"608",1,0.457786957944971,1.7190418138518,1,-0.154755490702205,18
"609",0,-0.0711267337208945,-0.250414052311195,0,1.83552764952323,14
"610",0,1.77910266685145,1.54955532739698,1,-0.0962103700074874,5
"611",1,0.535137960496205,-1.09713964993245,1,0.768557961127885,9
"612",0,-0.371944875163495,0.925511236116236,0,-0.589383288921171,20
"613",0,-1.02554224849711,0.246799211870998,1,0.0613412877891623,11
"614",1,-0.582401674605252,-0.73677153935145,1,0.771628596209601,3
"615",1,0.342888392897331,-1.28000893888965,0,-0.473538581223158,17
"616",1,-0.450934647056651,0.0766436635945079,0,-0.808804059476705,9
"617",1,0.51423012023069,0.255164762454082,1,0.419191454197009,13
"618",1,-0.334338052169782,0.277446817034678,1,0.107458888204548,9
"619",1,-0.105559908794475,0.536856022231548,1,0.426040117952331,9
"620",0,-0.730509672807828,-0.460485565976711,1,1.54165239686714,16
"621",1,1.9050435849087,-0.511603722189581,0,1.15509070024811,12
"622",1,0.332621731470394,0.236937879127631,0,-1.15952063103323,1
"623",1,0.230633640499451,-0.541589171621698,0,0.213889957222462,5
"624",0,-1.69186241488407,1.21922764704307,1,-0.780261374363467,18
"625",0,0.659791899549327,0.174135875106149,0,0.41936027159653,11
"626",0,-1.02362358887971,-0.615268316096478,1,1.22207904734247,20
"627",0,-0.891521574354298,-1.80689296408533,0,1.01309057237725,3
"628",1,0.918341171021649,-0.643681105896039,1,0.486145368444827,6
"629",0,-0.45270064650823,2.04601885213282,1,-0.528525630212626,11
"630",0,-1.74837228000318,-0.560762421131065,0,0.484750886281422,15
"631",1,1.76990410988936,-0.835999305852858,1,-0.464051737926416,18
"632",1,-2.37740692539252,0.652947502777847,1,-1.26414524363329,18
"633",0,0.572811529859585,0.441293124842934,1,1.85929253624339,8
"634",1,1.01724924908461,0.751629056591275,0,0.363122858873712,2
"635",0,-0.630967866660535,-0.277975085155337,0,-0.593696675597509,4
"636",0,0.444287051411554,1.12265421625967,0,-1.07993390607593,11
"637",1,0.439130388388555,-1.17260886019801,1,-0.4554443861914,7
"638",1,1.04062315291451,-0.048876767973659,1,0.69260890256739,18
"639",1,0.484099387952522,-0.704140337217957,0,0.584946582049909,3
"640",0,-0.244883779092525,0.680758638017183,0,-0.482955721538703,20
"641",1,0.915992057940211,0.130006761402136,1,-0.264666908449688,18
"642",1,0.800622356509766,1.10970808177014,0,0.516722366772768,19
"643",1,-0.936569034135793,2.05850086898135,1,-1.31932751769541,12
"644",0,-1.40078743399573,0.140655531724984,0,-0.0966868347793289,21
"645",0,0.160277539993178,-0.534616652198382,1,0.954347152801825,19
"646",1,-0.273962374775183,-0.823516726518704,1,-0.0359711254241593,11
"647",1,-0.985539112562296,-0.263033982230645,0,-0.977981002800203,11
"648",0,0.0839306795150329,-0.0696018363603779,1,0.0747269551330272,7
"649",0,-1.31999652648691,1.99180191472057,1,-1.58763871726,10
"650",1,0.161226351326199,-1.12910954273777,0,0.692423769083526,10
"651",1,-0.62492838754192,-1.09321743652488,1,1.35822213422217,15
"652",1,0.957164274192481,-0.407966690317779,0,0.418538729869429,20
"653",0,2.42448914116153,0.587559463498313,1,1.50601835062587,2
"654",1,-0.915979243686792,0.821111859737407,0,-1.26720425035932,2
"655",1,1.05766417094298,-0.907934699241847,0,0.267390764756368,18
"656",1,0.825149727768283,0.127038606349588,1,-0.0727005437734671,6
"657",1,-0.0701942243053587,-0.0428929778975765,1,-1.40182510576792,10
"658",0,-0.453646374057015,1.19520647042577,1,-0.038431093430552,6
"659",1,1.57530770683748,1.08919223650205,0,0.249357444096986,9
"660",0,-2.00545781823625,-0.312280694434521,1,0.673327544398871,19
"661",1,-0.643194791593663,0.0459937666619196,0,0.862867515590154,5
"662",1,-1.43684344365778,0.652722613401543,0,-2.07832060944477,8
"663",0,1.39531343894608,-1.65349263659697,1,1.87790802371238,14
"664",1,-0.190703432644857,-0.310270965480046,0,0.54792592587189,10
"665",0,-0.524671199469671,0.574872884002481,0,-0.183857044368374,3
"666",0,3.18404447406633,-0.523232154380118,0,1.80765519911306,5
"667",1,-0.0500372678876282,-0.0599182013481885,0,-1.45128051745536,18
"668",0,-0.443749311866524,-0.0210075354337069,0,0.431928511641957,12
"669",1,0.299865250136145,-0.723653214316312,1,-2.62460185691808,1
"670",0,-1.56842462075497,-0.994479836178391,0,0.601978102434271,17
"671",0,0.490302642672068,-0.199867234998128,1,2.05225418966256,15
"672",1,-0.0961632010799668,-0.347027822807086,0,1.33511702588244,19
"673",0,0.468525122530146,0.834095065661453,1,-2.20280476332205,12
"674",0,-0.982370635937854,1.52988221249492,0,0.0525114786107572,3
"675",0,-1.02298384214794,-0.0119223793666472,0,-0.220586026322704,7
"676",1,-0.693414663276185,0.398671992491547,0,-0.495596446171553,15
"677",1,-0.767989573092782,-0.0704153139057291,1,-2.2709269208597,15
"678",0,1.29904996668359,0.601359843881131,0,0.774197426697947,8
"679",0,1.57914556180809,0.218495462278797,1,0.21772651234435,4
"680",0,-0.156891953039067,0.236595501860209,0,0.553431220917915,1
"681",1,-0.35893656058468,1.112915127616,0,-0.820872443069429,17
"682",1,-0.329038830421669,-0.987421149395455,0,-0.834711839055951,8
"683",1,0.0692364778530165,1.44786401312549,1,-0.286103670988064,20
"684",1,0.0969042337010548,0.349112412179829,1,0.346205896986202,9
"685",1,0.290034387765571,0.180822010712195,0,-0.117464177507971,15
"686",1,-0.746678941046256,-0.560241851130579,0,0.369738669551992,19
"687",1,-0.846896388820319,-0.163877591582529,0,-0.733486712106466,10
"688",0,1.19707766374608,0.373684804430444,0,1.6511283322108,18
"689",0,-0.548627361103323,-2.06371425739842,1,0.680012327572442,9
"690",0,0.303045695225451,-0.601521948838093,0,0.0862881301269064,5
"691",0,-0.056970533803332,0.58599161230581,0,1.06248486864379,5
"692",1,-0.957849392150669,-0.294481786351775,1,0.801281688305323,10
"693",1,0.591061909411507,-0.800527545484263,0,0.869501875282308,11
"694",0,0.173104873492955,-0.63569453113499,0,0.797712837771263,18
"695",0,1.39978335621251,0.235749032414043,0,2.02969282437605,19
"696",1,0.117459584626988,-1.63483238484751,1,-0.414320360728989,19
"697",0,-0.331545758200853,0.871229240582207,1,1.0605899150957,8
"698",0,0.278294913305364,-2.16893467443595,1,2.79942801380903,23
"699",0,-1.18559164903534,-0.503339522315559,1,0.358196572470973,11
"700",0,-0.835894053393597,-0.787182478973486,1,1.02394735130722,11
"701",1,0.510273251139431,-1.24860020954842,1,1.01866818446947,20
"702",0,-0.333120901223949,-1.07790734011295,1,1.79775939526583,21
"703",0,-0.0659609463524635,0.250077353605602,0,-0.554216924206664,1
"704",1,-0.11522170942195,-0.11977403121588,0,0.661289182705857,14
"705",0,-0.650512618774529,-0.30085263245286,1,-1.19666853371661,21
"706",1,-2.01868865908242,-2.32076377558186,0,2.0704390904979,9
"707",1,0.348834970176592,-1.32432071149579,1,-0.0692279845803936,23
"708",0,0.761639507646859,-0.131307112462703,0,0.267695129038088,6
"709",0,-1.28871623535013,-0.87803515301306,1,0.652451436264302,17
"710",0,1.48240271845861,-0.796768930311008,1,-0.106977914012449,10
"711",1,0.385154823687235,1.0495407129977,1,-0.615767999366462,15
"712",1,1.34164029499387,0.175588348517341,0,0.135840990457196,17
"713",1,-0.957170471242288,-1.04384462163877,1,-0.261225949253577,8
"714",1,0.166781288354251,-0.468696015002214,0,1.88085054082532,13
"715",0,-0.100013958938808,-0.28490348155087,1,-1.14502968737606,14
"716",0,0.768507431881776,-0.680295181235103,0,0.654919462105251,21
"717",0,-0.575859567912693,-0.964053610494564,1,1.68767944123889,8
"718",0,-0.0100976719524611,-0.0518040820003942,1,-0.339372574156826,2
"719",1,-1.77865914874394,0.741194719519762,1,-0.898086183969579,11
"720",0,-0.7776214428705,0.226852003567295,0,1.8433959889993,6
"721",0,0.12503388366511,-0.200147012715761,1,-1.19595678605498,13
"722",1,-0.706321492388223,0.387820244768823,1,-1.12992537505821,14
"723",1,-0.04356948581148,0.793918367051497,0,-1.55348436339263,7
"724",1,-0.46792597392522,-0.140513958248364,0,0.343719452652015,11
"725",1,0.60693013616149,0.455805198945874,1,-0.905032022448082,11
"726",1,1.16848830874956,-1.14557290708596,0,0.93144625433241,23
"727",1,-0.822501412807523,-0.249650688168871,0,-0.863365125095386,17
"728",1,-0.307036558594728,-0.420298275494042,1,-0.158544215552189,9
"729",1,1.43976125836974,0.195664503560041,0,0.876319279847819,21
"730",0,-2.19892325418371,0.357319513842984,0,-0.180709945085756,1
"731",0,-0.319837791740735,-0.123617978997338,0,-1.46826158689938,21
"732",1,2.06470428414334,-0.766214222789801,1,0.166126056622345,21
"733",1,2.19359006906425,-0.929714216784719,1,1.39312300169419,21
"734",1,0.156595323350149,0.278520610602079,1,1.538579622357,19
"735",0,-0.863608950613638,1.35683685227542,1,-1.28850287929963,23
"736",0,0.165457419490438,-0.787135594929695,1,0.51456632027005,6
"737",1,-0.65277439594702,-0.384798672297195,1,-0.186889332575461,6
"738",1,1.45281728229148,0.330680560251943,0,-0.616984823389241,18
"739",0,-0.806482655703046,-0.55462045006283,0,-0.92087375878823,4
"740",0,0.372911595208748,0.121572314820453,0,2.05316855651736,22
"741",1,0.619850074568692,-0.0475961169783602,1,1.41318949324234,5
"742",0,-0.757510160695849,-0.776251590566683,1,-0.778580550427436,1
"743",0,0.851524681506183,0.831441251138311,0,-1.48015908276288,22
"744",1,-0.747929970916306,0.84630783722297,0,-0.896107564116399,20
"745",0,0.63023982965398,1.0241395066572,0,0.510878718711915,9
"746",1,1.09666163310355,1.26799658618238,0,-0.479557357731882,8
"747",1,-0.988442922383206,-0.506361787922575,0,0.8070760278469,2
"748",0,1.1079950409796,-0.464481896508305,0,0.529258154437727,19
"749",1,-0.489532871212412,0.26121800049174,0,-1.43972679093563,23
"750",1,0.294353388436968,0.630080976551625,0,1.06169747624391,7
"751",0,0.20183747228877,-0.339626156224904,1,0.360461325941522,7
"752",0,-0.427196386338202,-0.423344808400481,0,0.123066122369212,9
"753",0,0.268102869997785,-0.618271527554652,0,0.372655177638628,19
"754",0,-1.23043092542384,1.48220189072674,0,-0.425278445803657,14
"755",1,-0.136136872184964,-2.50816635204148,0,-1.43332359663826,22
"756",0,0.825790831665171,-0.16757803378388,1,1.28166572508601,19
"757",0,-2.17412464922931,0.0382128770535341,1,0.5450644677805,13
"758",1,-1.48792618735825,-1.05960960299357,0,0.429683060010223,20
"759",0,-1.16193755759697,0.385425894820638,1,-0.374084404661467,9
"760",0,-1.58908969414543,-1.96708768381011,1,0.82062928667133,10
"761",1,0.419583039296359,0.954968861111918,0,-1.71801232684228,10
"762",0,-0.992928349756011,-1.6633605848706,1,1.09000127055086,4
"763",1,-2.16454708532897,-2.20273488009703,0,-0.64406099146572,11
"764",0,-0.63756876508045,-0.763563825792029,1,1.72855978355207,12
"765",1,-0.390635251474806,0.162080393912321,0,-1.1631684833741,4
"766",0,0.85678547377811,-0.651567164764164,1,-1.04134540090323,19
"767",0,-1.10375213599883,-0.559286995277619,0,0.429777517565865,22
"768",0,1.1612892557387,0.333204975057779,1,-0.926572356510607,11
"769",1,0.398362715628605,-1.05890092148845,1,-0.476287104444057,17
"770",1,0.362352157635545,-0.0858495457604726,1,0.751808566847605,6
"771",1,-0.852525670314502,0.497932992929394,0,1.16252839009726,14
"772",1,1.95366787989804,1.63398965670861,0,-0.530981114198719,13
"773",1,-0.164270832097155,0.479451881240197,0,0.508022888686583,13
"774",1,-1.82489758417833,1.71476299216676,0,-2.45594725561607,1
"775",0,-0.203856471392496,0.453160033529716,0,1.70327167102884,9
"776",0,-1.93444407073205,-0.00324112682536025,1,-0.0468265808967093,11
"777",0,-0.310510115786673,-2.25653485624939,0,0.343831245766729,15
"778",0,-0.422227003189619,-1.22465855193064,1,1.10281068428924,19
"779",1,0.68182969040341,-0.318962623738223,1,-0.562784596344962,22
"780",1,1.00949618573749,0.712270455853782,1,-0.0659239213572652,9
"781",0,-0.726104964901155,-0.32251357317817,1,0.444518810535845,20
"782",1,0.806108868375026,0.543648621254837,1,0.96632243608494,1
"783",0,1.42432310966876,-1.06381135183874,1,0.597041765789678,9
"784",1,-0.784144004842646,-0.274129717350557,0,-0.599174775687823,14
"785",1,-0.652404366499333,0.21700603247715,0,-0.286175681229994,5
"786",0,0.650778363153682,-0.359385718165611,1,1.50368771638279,9
"787",0,0.183047969943935,0.11283169498315,0,2.06382266293151,8
"788",0,0.548774960444283,-0.670748026053258,1,2.21408519261739,5
"789",0,1.40468429454756,0.374345223259504,0,1.40330120775651,23
"790",1,0.387083119576395,-0.0810548925112574,1,-1.71268524169052,2
"791",1,1.05170127017537,-0.0470493466531285,1,1.02935916032186,17
"792",1,0.622905462337194,-1.94878708644615,0,1.34778046299508,12
"793",0,0.433620389808855,-0.673668581278741,0,0.0343810096036428,8
"794",0,0.386084438184412,-1.48964408489825,0,0.431920662075023,17
"795",1,1.29132330445808,-1.6057180576203,1,-0.478095672706512,9
"796",0,-1.00225987371065,-0.493883100845236,0,0.261488938204521,15
"797",0,-1.10518272915749,-0.160798367745603,0,0.214263706230013,21
"798",0,0.591946003397209,0.283600225800619,1,-1.15385717069559,21
"799",0,-0.119689664133114,1.09126265030032,0,-1.5219233183445,6
"800",0,0.0740052116849605,0.444400296922585,0,0.352169611210482,5
"801",0,0.741277377171399,1.01207034075848,0,-0.787904906073565,1
"802",0,0.753295047849076,-0.526310287634533,1,0.495218822607678,15
"803",0,-0.262670503361778,-0.307840173188787,0,1.29856447874981,22
"804",0,-0.312543868997102,1.08516888442625,1,-0.436244184769366,19
"805",0,0.0735986090078693,0.00120718393810378,0,0.464960950939804,2
"806",1,1.06301778929474,-1.68024471568337,1,1.30499940294582,23
"807",0,0.426020486679004,-0.846555519092125,0,-0.2957309580283,19
"808",0,1.43300751082319,1.00759205983273,0,1.44435276836833,5
"809",1,-0.00763687041997194,-0.61073725767746,0,0.878734401962364,17
"810",1,1.12566760522075,0.333444132777122,1,1.20949179956126,20
"811",0,0.883002311017247,0.0142226956806451,1,0.219214111019337,10
"812",1,0.61208346090007,-0.496357607349662,1,-1.11388339536821,9
"813",0,0.414700706778464,-0.350786392406381,1,1.09349511336241,18
"814",1,-0.279882397142518,0.391720547858095,1,0.264835818635607,1
"815",1,-0.109037509169232,0.209578828892245,0,2.04644338289921,3
"816",0,0.229395495708467,1.23467013989917,0,1.51882955237722,11
"817",0,0.0488888906792862,-0.199819784434937,0,-0.00976224645901985,11
"818",0,0.943224468386221,-0.923208042026682,0,-0.040775008930423,17
"819",1,-0.109317123186431,0.165903101579443,0,0.31151622796437,5
"820",1,-0.0703769215878276,0.70533455324418,1,1.456724583416,8
"821",1,-0.484319087565665,2.28196695572699,0,-2.16641895161471,15
"822",0,-0.138336328543328,-0.463683013103733,1,-0.173384982625024,21
"823",1,-0.0687656423038444,-0.326353571908267,0,1.52179636628466,15
"824",1,-2.31373577389942,0.882493210397949,0,0.654683460840128,18
"825",1,-1.36483169721432,1.28128612650446,0,-0.762683868023177,18
"826",0,-0.072486909951959,-0.658681856604976,1,-0.855087660920792,22
"827",0,-0.265283774864499,0.664570454944413,0,-0.458284543016619,2
"828",0,-1.20086932820744,-0.565157514042339,0,1.31633005833153,7
"829",0,-1.99153817604302,-0.962178270242238,0,2.17144424716895,7
"830",1,-0.354369219913427,0.623360901900257,0,-0.487457452761169,23
"831",0,0.653495765694276,0.106497772201071,1,-0.0539043217359533,21
"832",1,1.77323863192756,0.38933087814222,1,0.458218630067533,9
"833",0,-0.0384567937093384,-0.580503496721951,1,0.734868809815315,16
"834",1,1.49318484062772,1.79497795592676,1,-1.20978194213574,22
"835",1,0.0830221576359683,0.665288009047707,1,0.228686007856882,3
"836",1,0.11553210425956,-0.374402425652033,1,1.3307129464962,12
"837",1,0.324825313348747,0.702748931010458,1,-0.255957770982928,19
"838",1,-0.870577245260919,-1.21451438389368,1,0.699686451495923,19
"839",0,-0.0517182128948834,-0.137750126949227,0,0.598730042219656,5
"840",0,0.908447698792251,1.40335789868052,0,0.470478193007012,23
"841",1,-0.749725786852189,-0.188839311604344,1,-0.398901207078979,4
"842",1,-0.321606069887961,0.910490371995549,0,0.52582260006005,9
"843",1,-1.14777075045925,-0.221922000189912,1,-0.0737775029546231,21
"844",0,0.354352196449355,-2.29802640030622,1,0.840761282638389,5
"845",1,0.424799782389022,-0.880212545566096,0,0.81307481815221,4
"846",0,0.648347351224082,0.22273568903497,1,1.35269439494419,17
"847",1,-1.2198100315169,1.44655271093401,1,-0.957623321158815,6
"848",0,0.107235034754764,-0.593402125000833,0,-1.87577392305812,7
"849",0,-0.944057691649846,0.275979011382551,0,1.5072678499887,19
"850",0,-0.000384648716023502,-0.964819289479567,0,-0.0123124159129814,4
"851",0,1.34262392000608,-1.0164562413338,1,0.759617509599182,17
"852",1,-0.503525286934276,-0.777316643416822,0,1.4617123979252,1
"853",1,0.716683320938825,1.36906206733358,0,-2.21701032369659,22
"854",1,-0.749668584083695,0.940310089910901,1,-1.61090394123537,17
"855",1,-0.478528210450305,0.5936651573177,0,-1.17484677572859,23
"856",0,0.438721750586617,1.11546255343648,1,-1.08075435090971,6
"857",1,-0.679112270457868,-0.424424996733506,0,0.826568865513788,2
"858",0,-1.70296483514544,0.759576936893122,0,0.821234433025758,8
"859",0,1.26516843521333,0.209629277871549,0,1.00993362379794,1
"860",1,0.360357237879846,-1.04910092481282,1,-0.0431906794501696,10
"861",0,-0.58363944056009,-0.831062222281743,1,0.177701151962293,4
"862",0,-1.9940787873306,0.0500529319191458,0,-0.667703560809122,7
"863",1,1.9022097713993,0.205630061496544,1,-0.203885548864787,1
"864",0,3.39037082127154,-0.321358418660978,0,1.67550175836972,22
"865",1,0.207480407355457,-0.996491243786537,1,1.13249750840357,11
"866",0,0.849806647511189,-2.09089194048916,0,0.850536670025936,13
"867",0,1.22456031207416,0.425235479441099,1,0.833500059007914,9
"868",0,-0.701804433538609,-0.295271709137097,0,-1.90262072692945,5
"869",1,-0.35119622955654,0.54916088318128,1,-0.302110857445281,6
"870",1,-1.7271210366452,-1.54589181325016,1,-0.75471564105299,7
"871",0,-0.736578232271872,-1.25333593531244,1,1.67891860826556,13
"872",0,0.622409782886114,-0.111331874671968,0,1.59789192739803,3
"873",1,-0.29071598924087,-1.4128135356317,1,-1.66895919821283,13
"874",1,-0.214211534183077,-1.98295385072071,0,1.31886177438541,9
"875",1,-0.112559551502516,0.783595407833566,1,-0.914149719504997,19
"876",1,-1.8636669824956,0.900869339749533,1,-0.996923050051391,3
"877",0,0.83762993423167,-1.0299636420045,0,1.70962850255539,13
"878",1,-1.44349288893542,-0.272057268566593,1,0.292071065735028,22
"879",1,-0.208570162415648,-1.13397290517125,0,-0.566801182628822,11
"880",1,-0.43856346205883,0.316426916752984,1,-0.017762803954411,20
"881",0,-0.218593816856198,-0.0296783010019916,0,-0.133997234870085,1
"882",1,1.45996594473579,-0.869460450959366,1,1.69186152179035,21
"883",1,-0.582059917915369,-0.774217543896185,0,-1.4666689183588,15
"884",0,-0.783097595711896,-1.0620811934282,1,1.34649535792173,8
"885",1,-1.51965399494385,0.436374262192543,0,0.590006142638464,7
"886",1,-0.805698081611249,0.571008847814101,0,-2.93923373798493,17
"887",0,-1.16618470736774,0.376474894415886,1,0.593646387341511,11
"888",0,0.407946196248296,-0.842889697415977,1,0.468165227666355,21
"889",0,-0.863004246007877,-1.78616962823527,0,0.861120017287508,15
"890",0,0.304042035028136,0.530875663154472,1,0.044733744749887,16
"891",1,-0.146427487847921,-0.177058947394319,0,0.488534209461727,2
"892",1,-1.4335621799108,-0.0393923499714967,1,0.430463597679747,18
"893",1,-0.790607785722698,1.03212798487339,0,-0.177718140238916,7
"894",1,0.885112455057677,-0.8935158344016,1,0.327978073806585,4
"895",1,0.903076085954568,1.14401532568501,0,-0.750285900690286,14
"896",1,2.00557327430063,-0.413191495212929,0,0.313871330004583,14
"897",0,-0.00358030839978085,-0.713187821756013,1,0.450358837909606,11
"898",0,-1.49582681398214,-0.205746143817567,1,0.318299610692442,20
"899",0,-0.768417027015159,0.390019728842846,0,-0.73592184809953,12
"900",1,0.408488504840148,-0.207215645255724,1,0.605194761430902,16
"901",1,1.90013633489472,-0.900507220547859,0,-0.321394975155578,16
"902",1,0.110009123439723,-0.281624278790779,0,-1.39950503425799,18
"903",1,1.14038682512847,-2.54193110113798,0,1.22528979739578,2
"904",1,0.768081304692261,-0.508511681872445,0,0.565877068532235,4
"905",1,-1.16809162211733,0.455966217539027,1,0.406367705356685,20
"906",1,-0.171112652264859,-0.169259774532087,1,0.585858493973812,15
"907",1,1.30526153634768,0.688327722261226,1,0.165927566729939,22
"908",1,0.876096109595914,0.48598243397446,0,0.492655481740336,9
"909",1,0.463796141567798,0.645646746355588,0,-1.18437388146104,1
"910",0,0.477114245376879,0.656044945025482,0,-0.827713766135586,17
"911",0,-0.491405300209402,-1.73858076137427,1,-0.203151755298633,8
"912",0,-1.3193853133442,0.00415968001844305,0,0.0644065106742918,11
"913",1,1.29542579083131,1.63006733460683,0,0.15980687701475,10
"914",1,-1.42021949166693,-0.480485227044419,1,0.569000171341885,22
"915",0,-0.93889591970583,0.452802442420564,1,1.38198688246669,18
"916",1,0.62896499251984,0.143393730979936,0,0.225319276389297,5
"917",1,-1.2621945493896,0.557012225188023,1,-0.703103256658585,17
"918",1,-0.551870413272792,-0.272030117170514,1,-0.73172067194774,3
"919",0,-1.18279950678248,-0.648299296516002,0,0.516959666608537,1
"920",0,0.62066355772895,0.071960844365645,1,0.467734692932083,12
"921",0,0.690692647004702,0.543059251744217,1,1.19512306649839,24
"922",0,0.299071059599274,-0.767151300040614,1,1.49223767061916,24
"923",1,1.74015844874177,1.16307456207716,0,1.20172599333519,24
"924",1,-0.499001761121474,-0.366956957736252,1,0.324935970653262,24
"925",0,-0.12658017508232,0.510037452336381,1,2.04015186602225,24
"926",1,0.13469004708588,-1.29211978853384,1,0.213344055809917,24
"927",0,-0.184843206405638,0.63856460551651,1,1.2667752568178,24
"928",0,0.0750897222559359,0.435003201826011,1,-0.49473669299856,24
"929",0,-0.449562616558162,-2.27886398089492,0,2.54727016414202,24
"930",0,0.878207833524559,-0.811680211137303,1,1.6934274212862,24
"931",0,-0.169040116776696,-1.02637869946988,0,3.05663916895777,24
"932",1,-0.0515150088152725,0.904281381801397,1,-0.400750647824732,24
"933",0,0.0384186341699331,0.563245640185012,0,0.0409450565561804,24
"934",1,-0.927248518021431,-0.808702083211394,1,2.18510581166711,24
"935",1,0.485365938978971,-0.212141963078918,0,1.12670501606839,24
"936",0,-0.377907923789025,0.780705419596373,1,-0.558172544119501,24
"937",1,0.218788626750856,-1.6040974954805,1,2.16161228931148,24
"938",0,0.0942408194271056,0.0299165814108784,1,0.662907953476996,24
"939",1,0.365943443344921,0.28176985538286,1,1.25703620095294,24
"940",1,0.414111899311128,0.427430636341491,1,1.80625331918548,24
"941",0,0.298122422130819,-1.06877256497578,0,1.75342097880107,24
"942",1,0.838747216160788,-0.661047898016938,0,1.80462323797024,24
"943",1,-0.627265353276026,0.442804185212322,0,1.99354939056342,24
"944",0,-0.424880581597856,0.178835233694983,1,0.715675969056172,24
"945",1,0.414239859009213,0.826099970602376,0,-0.171066507810318,24
"946",1,-0.935540690241076,0.973150957497575,1,0.904917738633067,24
"947",1,1.17264318161809,0.144118676260862,1,1.29213118660726,24
"948",0,-0.209369010015083,1.79261988703987,0,0.85130682072361,24
"949",0,-0.0794513160143883,0.153519984734494,1,1.72655436254078,24
"950",0,-0.885909818740212,0.363330048112153,1,1.26701756526598,24
"951",0,1.04987491659244,0.43119108814911,0,1.90866784701405,24
"952",1,0.391127029030593,-1.1399015943809,0,0.203035069376724,24
"953",1,0.360048839740888,0.140440766713687,0,1.26066697591505,24
"954",0,-0.481964667770423,-0.320509932564031,1,3.20683045791402,24
"955",0,-0.731868559338685,0.199534183963887,1,1.15880104956229,24
"956",1,-0.628195139762564,-0.0159291781679819,0,0.307612639639882,24
"957",1,1.70451424228521,-0.40766509437105,1,1.9311264915197,24
"958",0,-0.0851160540447173,-1.17123719976141,0,2.89808234799236,24
"959",1,2.07870852542471,-0.969324152927623,1,1.69075333673555,24
"960",1,0.0484511439890818,-2.12249223627561,1,2.1475555302284,24
"961",0,-0.643874752683635,0.689319612202693,0,-1.63135193302304,25
"962",0,-1.4677434280288,-2.42187022113999,1,-0.79038489794562,25
"963",0,-0.481844879995022,-1.2284256647265,0,1.47630552648929,25
"964",0,0.276091286286613,-1.00755861507775,0,0.248505143548928,25
"965",0,0.528934024000232,0.268097438746183,1,2.63403298359207,25
"966",0,0.069759614388528,0.632076093203028,0,0.0962925673607366,25
"967",1,-1.4274551614443,-1.39582966909942,1,-0.861931795548397,25
"968",0,0.579238164567199,0.80703460091107,1,-0.725757798548011,25
"969",1,-0.760579486407057,3.45524064935854,0,-3.16884476301202,25
"970",1,-2.10687561188269,1.0254512594484,1,-1.06065100148294,25
"971",0,-1.39618405380006,-0.900262153701414,1,-1.13299807870815,25
"972",1,0.791005500892592,-1.19765847800926,1,0.412312815719361,25
"973",1,0.289897035332349,-0.637117922596214,0,0.868035634853388,25
"974",0,-0.788865970895654,1.59481330157981,0,-3.68106077354966,25
"975",1,-3.73531200378528,-0.115830500787957,1,-1.72736766046882,25
"976",1,0.600646513287407,-0.322549255279465,0,0.649944171689785,25
"977",0,0.567588421500695,1.07263428204717,1,0.108415076890072,25
"978",1,-0.184081762269289,1.71981746497995,0,-3.02744887053915,25
"979",1,-0.754377590763418,-0.760786662372084,0,0.656699292029868,25
"980",0,-1.42418024619358,0.29360713742609,0,-0.162563336145231,25
"981",0,-0.575108583613959,-0.608592384252881,1,2.45162736372206,25
"982",0,-0.373202812741513,-0.991194115825935,1,1.36152250110713,25
"983",0,-0.934770283883477,1.03388310198139,1,-1.75565684164786,25
"984",0,-1.05795435340786,-0.324696939657437,0,1.46131577217585,25
"985",1,1.06707967315278,0.601679243265534,0,-0.828057607785263,25
"986",0,-0.526657659643403,-0.989943167818594,0,1.59078082349941,25
"987",0,0.344252155565457,0.25465452715756,0,2.9121404699171,25
"988",1,0.259306143534358,-2.12567006484903,1,0.144739969418408,25
"989",0,0.439080772487276,-1.12331404589049,0,2.11060314363607,25
"990",1,-0.491634262012652,1.01202113971861,1,-3.69616499074572,25
"991",1,0.573249853662447,-0.669586903560606,1,-4.59464471725196,25
"992",0,0.143604200921622,-0.062097333231576,1,-2.80409379346017,25
"993",1,1.20387859262843,-1.16986445883599,0,0.740689906151316,25
"994",1,0.143014343417291,-1.63313821765919,1,-4.19260242836414,25
"995",1,-0.705634958424866,-0.215821325083096,1,-4.98338046747178,25
"996",0,1.62673334247197,0.510927480113598,1,4.65662841681449,25
"997",1,-0.274663840126928,-0.976924175528673,0,0.700961311131116,25
"998",1,0.185206872050141,0.136153283471554,0,0.316258275106461,25
"999",0,1.61933729413979,1.54441678726027,0,0.0552458518819621,25
"1000",0,0.313674327777566,-0.212629390179526,1,2.90260706965199,25
