"","hospital","stress","gender","age","experience","wardtype"
"1","1",-0.256356887976456,0,0.867404893612276,0.458361182409001,1
"2","12",-0.605605173308468,1,-0.360605827670061,0.433542771149429,1
"3","1",-0.756000134822189,0,0.511750332734396,0.4544514865606,0
"4","15",-0.750857179606538,1,-0.403080303538092,0.571065360578945,0
"5","23",-1.53068407343241,1,-1.10953936837877,0.654487305774376,1
"6","11",1.27442822002029,0,1.20754816229749,-1.99517732892419,0
"7","21",0.236721774990397,1,0.735526638694834,-0.146271621712426,1
"8","5",0.729881637295391,1,1.72499103542752,0.11918084972337,1
"9","3",-0.166358780936366,1,0.0555872764311532,0.741169458967941,0
"10","2",1.99285358328222,0,1.12201288938931,-1.20152751285112,0
"11","12",0.0231149505754212,1,1.97770638207914,-0.502657002238126,1
"12","20",-1.27927391591712,0,-0.293199791057787,-1.08586650465389,0
"13","6",-0.79052616728187,1,-1.34113153413525,1.07904407478684,1
"14","7",-0.147824090237055,1,-0.2508078057031,1.30441881375758,1
"15","4",-0.386637465707725,0,-0.2253404175147,0.805176016392978,1
"16","10",1.28481688049837,1,0.142650781484084,-1.23700240245553,1
"17","11",1.21815312151388,0,1.71295957384111,0.464090331450144,0
"18","9",0.155650152428042,0,-0.338138713303107,1.17374147203131,0
"19","8",0.226929938840781,0,0.365348340567378,0.175543914637063,0
"20","14",-0.530592904210803,1,-0.23906790178926,-0.570228208041288,1
"21","23",-0.0269787734656474,1,0.0106066504047436,-1.09854096769327,1
"22","14",0.348646570661992,1,0.306035557830535,-0.671005658623414,0
"23","7",0.590299434987095,1,1.32648585369594,0.731184674604359,1
"24","22",-0.299935037076303,1,0.112100244924811,-0.43363301573604,1
"25","6",-0.722290081626587,1,0.707294837886889,0.236170787751099,1
"26","21",1.49168708036846,1,0.773722214800212,1.32054550034962,1
"27","19",0.129774110624353,1,0.910478853678863,0.592491321102866,0
"28","23",-1.46601150050388,1,-0.587929870877689,1.39138593355252,1
"29","15",1.72769903525595,0,1.62700572097781,-1.72383063385381,0
"30","9",0.270068059073706,0,-0.393291696449259,-0.280237167916445,1
"31","19",0.388291234177421,1,-0.116411565324277,0.0710282087671234,1
"32","15",-0.0750560793832508,1,1.40279201642302,0.592749733891962,1
"33","5",0.348205784367713,1,1.29214326815384,-1.18295615975307,1
"34","6",-0.680652128483377,1,-1.10672668546958,0.82397969674872,0
"35","9",0.268664313704583,0,-0.888459729855164,0.317219826996125,1
"36","15",-0.622090986024759,0,-1.37647746417073,0.27293978481796,1
"37","4",-0.857285218973494,1,0.173004666356168,0.521525758088211,1
"38","9",0.0709241507677201,0,0.155892810384725,-0.113295390311847,0
"39","8",0.0744455129415926,0,0.356403206190853,0.945246980398245,0
"40","7",-0.123782084910169,0,0.545613117716527,0.663502282065657,1
"41","18",0.322412532017638,0,-0.615598802950888,-0.147686879085552,0
"42","10",-1.23751795803289,0,-1.0098358645678,1.0619115986059,0
"43","12",-0.862477600794047,0,1.02318571829743,0.302151598151146,0
"44","11",1.65177625306272,0,0.745750985037223,0.684351610893423,1
"45","6",0.403412485365982,0,-1.52850250234372,-0.598744730398829,1
"46","11",-0.665516448052377,0,-0.105708843302042,1.61059037475806,0
"47","9",-0.187226779365785,0,-0.911478512327219,0.000868496886541008,1
"48","19",0.156441134915002,0,-2.09357189957589,0.866302831771139,1
"49","19",0.107575917354264,0,0.14108072540186,-0.0967941145225988,1
"50","2",-0.00172094565227331,1,-0.0896742138517254,-0.279174085999778,1
"51","22",-0.319240020035858,0,-0.107944447256067,0.801885822086017,0
"52","3",0.278821990806692,0,0.207522894400764,-1.60499972942055,0
"53","15",0.284344102918541,1,0.877970262072773,0.490926159518484,1
"54","13",0.245744617793899,0,0.19690235871608,0.404772244888697,1
"55","22",1.43594716111279,1,-0.630232045142799,-2.73344906167691,0
"56","23",-0.999380399310673,0,-0.749329948039565,0.379180964825922,0
"57","1",0.73985786171707,0,-0.142591647034543,-2.19812336078269,1
"58","17",-0.590364210911717,1,0.30196980683369,0.675261716273913,0
"59","10",-1.14084966265376,1,-1.05610296199692,-0.456240993743596,1
"60","14",1.17385513505613,0,-0.195423544726329,-0.701112904412439,1
"61","23",-0.110208044242819,1,0.96329858988007,-0.00203449016335196,1
"62","11",-1.31960646000797,0,-0.118922977145919,1.39989900277764,1
"63","3",-0.201285827896236,0,-0.712725619568949,-0.640547203977751,1
"64","15",-0.948954099913526,0,-0.287628485403313,0.571936602045066,0
"65","3",0.65261110073495,1,1.11159443683191,0.351526846070804,0
"66","22",2.62263143825308,0,0.543486248001522,-1.19343283643789,0
"67","15",-0.0389602751822289,1,1.23437892107648,-1.76390268833557,0
"68","17",0.339763682186388,1,0.129990053611858,-2.01948358143596,1
"69","17",-0.151840622437204,1,0.402850059733744,0.564998468182668,0
"70","3",2.24639092653184,0,-0.571893331402423,-0.0303757067509355,1
"71","11",-2.56485023033252,1,0.599156280794537,1.88504401643803,0
"72","11",-0.904228440294881,1,-0.519446514199552,0.587757077562116,1
"73","21",-1.71541756577102,1,-1.43935166370223,0.868185545861585,1
"74","7",-0.412103096288505,0,0.118816251695168,1.36061305916096,0
"75","14",0.474760324235504,0,1.94795506515288,-0.503793777864961,0
"76","10",-0.421462348801261,0,0.795913380692608,0.523164654362067,0
"77","18",1.56394359989562,0,1.16251330538167,0.887587884816283,0
"78","18",-0.364517190552867,1,0.351111607883221,1.39613955600797,1
"79","19",1.74482957663996,0,-0.622304490217244,0.77975081208479,1
"80","8",0.62827472723598,0,-0.213466806376717,0.432793473693969,0
"81","12",-0.640134198411795,0,-0.284914687408231,-0.877167293343305,0
"82","7",-1.19766090427138,1,-0.481579218750173,0.74613161080229,0
"83","22",0.35264103858256,0,0.698565969602829,0.513175593672778,0
"84","22",-1.11222691693924,1,-1.21476460074279,0.649299527664308,1
"85","7",0.472689470667686,0,0.861771328643135,0.435331233937311,0
"86","13",1.02565306558273,0,0.859543946169071,-0.200139990958584,1
"87","20",-0.108333367172375,1,-1.21603126917201,-0.0731722054089632,1
"88","23",-0.409085006076532,1,0.633489346706504,0.703261545066876,1
"89","9",-0.292656037861611,1,2.435336249433,0.179293373629139,1
"90","21",-0.727847049225383,0,-0.570644197407391,-0.838443166895012,0
"91","21",0.675200970455354,0,0.840176258040714,-0.289871436375975,0
"92","9",0.684281381805656,1,-0.797026694413575,-1.33526927145004,0
"93","16",0.603317308845141,0,1.10763287817228,-0.977552979022787,0
"94","18",0.401370436582977,1,0.241404022301323,-0.141999177569809,0
"95","12",2.78427413182143,0,1.65219524581884,-1.82192520686992,0
"96","11",1.95766721392772,0,-1.47799520782252,-1.71058511696297,1
"97","1",-1.02336171438934,1,-0.0615871739147687,1.12509284138167,0
"98","21",0.648476904600227,0,-0.540165927730881,-0.580905623578426,0
"99","3",0.118603295240365,0,-0.208459942293813,-1.87633964894151,0
"100","23",0.229029488711953,1,-0.643456502077938,-0.109744376152604,1
"101","14",-0.903330060953298,1,-0.848988887627502,1.34708612906221,0
"102","23",0.346332265874707,0,0.572342622806038,0.677750758286598,1
"103","20",-0.817949197016293,0,-1.10430056490176,0.453352641470947,1
"104","18",0.601466202318972,1,1.48326899332425,1.20756990244093,0
"105","7",0.142419053719137,0,-1.20353845041191,-0.778900155553144,1
"106","11",-0.775803496427877,1,0.0917354260705752,0.746262498447007,1
"107","19",-0.0613703001546815,1,0.526325742314013,-0.591539454315488,0
"108","6",-0.0442507005629827,1,0.580405311036939,0.00569752878666509,1
"109","16",0.767892190328054,0,-0.31359008978195,2.25474853013652,1
"110","13",-0.942208345580726,0,0.0700243748367876,0.989836115452466,1
"111","16",1.67579818262662,1,0.957258229754588,0.785192916745945,1
"112","14",-0.417388044714818,0,-1.47547485297218,-1.12110529786558,0
"113","15",0.432388999909898,0,-0.796561692593334,-0.793869924514656,1
"114","7",-2.54073490329815,1,0.312419579820134,2.32551192763494,0
"115","1",-0.559613226882537,1,-0.457512997466678,-1.10583818641841,0
"116","16",0.93538799126244,0,1.36853447148677,0.222825465566203,0
"117","7",-0.02506263798643,1,0.667460718482962,0.911745373940434,0
"118","2",-0.259149353749112,1,0.0626436137106776,1.03994732412651,0
"119","2",-1.29034232092943,1,-1.52708453776074,1.11142482330352,0
"120","5",-1.18577029465238,0,0.0162912247915173,-0.160812803915094,1
"121","16",-0.881818108165502,1,-0.328350322585277,-0.829175625418454,1
"122","22",0.0397498578704227,0,-0.112952579131158,-0.307242583728477,0
"123","10",0.739555828827727,0,-1.19886225337603,-0.911582176804808,1
"124","21",0.717590055684465,0,0.491781459772442,0.642003337881791,0
"125","12",-0.576523415494682,0,-1.05537455742645,1.1431667503244,1
"126","21",-1.03526648280495,1,-0.237596745504326,2.1661034684014,1
"127","18",-0.0151188218385309,0,0.373821771075074,0.376881882987221,0
"128","9",0.302223413912315,0,-0.798348791368767,-0.883829335119676,0
"129","20",1.16514308176653,0,0.576638144970936,1.04575550593192,0
"130","21",-1.33591861760202,1,-1.33465085575867,0.92412783152905,1
"131","6",-0.877006355290256,1,-2.83718145477504,-0.237132071915272,1
"132","12",0.407751537421257,1,0.457882346031885,-1.57781063922902,1
"133","1",-1.34001751795825,1,0.83578476059906,0.778388143155475,1
"134","16",-1.34991773507518,1,-0.297590175742253,1.15209647206634,1
"135","8",0.0621742500000963,1,0.497283603040817,-0.294899171619831,0
"136","18",-0.281771584193972,1,-1.17306042784529,0.54972704367924,1
"137","15",0.734819200398168,1,-0.137908579670914,-0.275374940001128,1
"138","23",-1.18825618057824,1,-1.9635372628192,0.69813205320106,1
"139","15",1.13264528454672,1,1.17853964360034,-0.114242552341254,0
"140","9",0.0105656234534038,0,1.86148141355253,-0.345258740522082,1
"141","4",-0.928195437454214,0,1.07070598681617,0.118324068757947,0
"142","20",-1.30535804737632,0,-0.0374876288522243,-0.283009782255352,0
"143","15",1.19162338201714,0,-0.0435081340333565,-0.59553378460407,0
"144","7",0.243963339184348,0,-1.53544641225449,-0.31606088524092,1
"145","23",-0.228273342607718,1,0.785319048240026,-0.00336119199365906,0
"146","14",-0.124430986244051,0,-0.222012836552031,0.215729702045251,1
"147","8",0.864234961525681,0,-0.670789249728019,1.5618155319303,1
"148","10",1.22415166509117,0,-1.43075895922385,-1.37476211416893,0
"149","9",-0.578192719081685,0,-0.311593609984583,-0.197885562410582,1
"150","7",-1.68228201840784,1,-0.864300873321133,0.646528853157484,1
"151","4",0.0166248598084209,1,-0.40946522193447,1.79507917754412,1
"152","10",0.279706651068294,0,-1.23512666189256,0.437738385828427,1
"153","1",0.15382332022448,0,1.68809070961498,-0.00905190089623507,1
"154","23",0.61564976653372,0,-0.0260727927147967,-0.307547045773797,1
"155","1",-1.2920768775664,0,1.07164459232134,0.425845254871216,1
"156","12",-1.13677930608639,0,-2.62781525468745,1.00977300157513,1
"157","14",0.0852910360043331,1,-0.465981072960644,-0.181873144308401,1
"158","21",-0.0307008866970969,0,-0.689644901467702,0.171297598500586,1
"159","2",-1.17491263005383,0,-1.24048590471401,0.225321668956534,0
"160","12",1.03765354472083,0,1.54623553971475,0.745844369283411,0
"161","7",0.00635946493389739,1,-1.43403529194886,1.13404881613315,0
"162","23",-0.549323352591635,0,0.310395040285868,0.288539783978401,1
"163","23",-0.239666182987432,1,0.841717809179305,-0.0724658766716703,0
"164","21",0.399766191470211,0,0.16932496893258,1.42185519037616,1
"165","23",0.602533320106615,0,-0.890657762515893,0.172082648424651,0
"166","1",-0.994956727559452,1,0.937035166135205,1.60796931965508,0
"167","19",-0.861771926180477,1,0.161675688143656,-0.0579903408760678,1
"168","3",0.0835900433139797,0,-1.08006831343652,0.628647638322338,1
"169","4",-1.17113597559256,0,-1.40663342855975,-1.56585643725716,0
"170","12",-0.0819298064858396,0,2.08969541498137,-0.109265572375544,1
"171","17",0.257485554937956,1,-0.692684500939974,-0.0172214304490722,1
"172","21",-1.27318368620816,0,-1.8770572057813,-0.765534047635376,1
"173","11",-0.746153649613891,1,0.526597494173881,-1.04751357924079,1
"174","17",-0.638509524857671,1,0.30218439974087,0.968221287300296,1
"175","19",-1.07623271930733,1,-1.37220640025899,0.933677774731543,0
"176","16",-1.66556090950106,1,-1.96498422397753,-1.31454988133557,0
"177","7",0.396866752520258,0,-0.126995185536959,0.436076700302646,0
"178","18",-0.524092861960824,1,1.13649575316872,-1.12539005241178,0
"179","9",0.101203001772998,1,0.630100484388148,-1.06293633090582,1
"180","20",-0.636624849308402,1,-0.505967267726,0.538723726954683,1
"181","2",0.367762609993029,1,-0.849335677379015,-0.692057753284992,1
"182","21",-0.152040242193141,0,0.262777874738874,1.01426567795956,0
"183","4",-0.373046475975688,1,0.148358826523367,0.0440599091943345,0
"184","5",1.41597857989775,0,0.623648404999736,0.549631702565636,0
"185","15",0.150572549180846,1,-0.408225003289263,-0.527067181746707,1
"186","19",1.17122750352875,0,0.894963953411122,-1.16468367201666,0
"187","14",0.141168453401315,0,-0.845938019286111,0.934280759326677,1
"188","10",0.0891962438032384,1,-0.342566829746943,0.24679431662191,1
"189","23",0.987910065477496,1,0.735440620660912,-0.237964214824755,0
"190","23",-0.153855217027076,1,0.986143828200614,0.0752620621821491,0
"191","21",-0.454725212127901,0,-1.9605048871362,1.35200247804978,0
"192","7",1.93492893612467,0,0.0978846045571327,-0.704394289565878,0
"193","7",-0.289424464445348,1,0.60258577377392,-0.756454363087911,1
"194","18",0.691952603677508,1,-1.46979824090559,-0.624588343168416,1
"195","23",-0.121481558524863,1,0.473637117053801,-1.60538033528112,1
"196","22",1.07976771532542,0,-0.843284397077901,0.837637650173457,0
"197","1",-0.165725903110782,0,1.01661314035611,0.200362674011574,1
"198","1",-0.819063453199503,1,0.531852572343663,0.215401375004701,1
"199","4",1.19775800436641,0,0.763853618966356,-0.039118414669947,1
"200","23",0.65329277708857,1,0.111497479379496,-0.513385887045614,0
"201","4",1.00757762518423,0,0.859036766249624,-0.831646376555274,0
"202","21",-0.0531850293313868,1,1.37911022803781,0.87038055858353,0
"203","12",0.733844916418921,1,1.96847843343286,-1.44403780948276,0
"204","2",1.19296206847553,1,-0.038542221008633,0.452251070947568,0
"205","3",-1.1928243848462,0,-2.27297834464479,-0.800347467234033,0
"206","20",-1.14428903708697,1,0.0217506732610106,0.29173947328313,0
"207","22",-0.593466843514609,0,0.196865837450786,-0.747597227169355,0
"208","18",1.03347874960094,0,-0.16628029241139,-0.52677761523016,0
"209","17",-0.405430164371855,0,0.56184412321391,1.80254148124458,1
"210","9",0.04544758913553,0,1.00697867557983,0.683875344585104,0
"211","7",2.16746550221292,0,-0.531167688340192,-2.174227042988,1
"212","23",-0.406223669083175,0,-0.305891273366629,0.133352193953474,0
"213","17",1.96033297669596,0,0.390340020839521,-0.454106649678401,0
"214","23",-1.16283391518844,1,-0.563609070317129,-1.14985545972578,0
"215","13",1.14135943219565,0,0.0818627720904304,0.218057031989879,0
"216","12",-0.40223294032775,1,-1.98385176813179,0.136962032161432,1
"217","23",-0.283832473160532,0,-1.13682012501384,-0.32883124705219,0
"218","10",-0.791735746170551,0,-1.34596571004032,2.0091261638967,1
"219","10",1.34615696277662,1,-0.868891747611873,-2.27967752263146,1
"220","23",0.661218740113045,1,-0.707577732145136,0.856525777526946,0
"221","22",-1.010244357571,0,0.374706540671091,-0.288717449026729,0
"222","5",2.40772341833101,1,0.978236456198877,0.671918197597359,0
"223","21",1.73702907666386,1,-0.741868207582204,-0.456326301846723,0
"224","12",-0.656373391899762,1,-1.01299574327227,-0.598426651760833,1
"225","17",0.473065828657469,0,-1.05812393189561,-1.73277101972991,1
"226","18",-0.330130871145099,0,-0.427132383892046,-0.207871902243917,1
"227","4",-0.663697323789274,0,-0.250483305478119,2.52324922061499,1
"228","10",0.0921382600746618,1,0.47664761720306,1.0104275779311,0
"229","12",-0.780602872900745,1,-0.333289758768061,1.70724995819066,0
"230","8",-0.768185874955093,1,-2.10135811661116,0.93449723919976,1
"231","9",0.51182371653304,1,-0.101972626216251,1.16745620376454,0
"232","3",-1.6253750874499,0,1.18458283202314,0.922215291639103,0
"233","22",-0.579362465136712,1,1.18902468341653,0.487904957192228,0
"234","21",0.280367939234551,0,-0.803830024014833,-0.586909845819656,0
"235","17",-0.554031088462849,0,-1.56735209969151,-0.536523858217274,1
"236","20",1.96685309631831,0,2.46334280942613,-1.62148214659592,0
"237","12",-0.169481143278917,0,-0.173400800943802,-0.000989475665143116,1
"238","11",-0.854254162305074,1,-0.108026938584456,0.918638331474423,1
"239","23",0.855722847232031,0,0.413213062063166,1.05332212924355,0
"240","15",0.0813600406631329,1,-1.6340262014213,0.101572986837892,1
"241","17",-0.385425159333747,1,-0.742708974818089,-0.551451363902669,0
"242","9",-1.79308823710008,1,-1.55997244998578,3.34798377805954,1
"243","16",-1.35760593317015,0,-0.707366515622476,0.753370560605825,0
"244","1",-1.24549815233853,1,0.109615979618137,1.44818114604547,0
"245","10",2.0245255109692,0,-1.38314900714946,-0.338151812840262,0
"246","22",-0.121528100558478,1,0.583672802399507,-0.0336426205869274,1
"247","1",0.789746285350342,0,0.281168564829173,0.460691896906871,0
"248","7",-1.06051677601039,1,-0.919797016600309,1.70821528704403,1
"249","12",0.398797044349112,1,0.217758418928407,-0.311527241077527,1
"250","19",-0.373298616463425,1,0.742752351924251,0.87216791517642,1
"251","14",2.07484637733621,0,1.05770882443135,-2.12334490375011,0
"252","3",-0.0727442870125995,0,-0.224140053357925,-0.510433474623646,1
"253","5",-1.19508162770721,1,-0.104188812113447,-1.30771960717541,1
"254","12",0.499791718724894,0,-0.0972231952259243,1.13606278133002,0
"255","1",-0.134174088285972,1,1.44043565850371,-0.162158046403744,0
"256","2",1.2120112505472,1,1.12208246492141,-0.391686698486537,0
"257","14",-0.00293910153240947,0,0.829608410961026,1.39588369262422,0
"258","7",0.960888670444397,0,-0.299094831418928,1.13901939329958,1
"259","15",0.837412688156961,0,0.365586588236415,-0.907440270567862,1
"260","17",-0.611342584763134,1,0.395821951110113,0.439620086800012,0
"261","13",0.449322096510187,1,-1.05810827061003,-1.24314005811041,0
"262","8",-0.787572918113616,1,-1.749000322015,-0.478288825379351,1
"263","19",0.742681415758189,1,0.635841884898031,1.64731337536357,1
"264","22",-0.92110065726323,1,-1.54877149799877,1.47820570902902,0
"265","1",-2.16003214655899,1,-0.00827682674808002,1.13164945213504,1
"266","3",-0.370360018211,1,0.241829749242197,-0.575099324129147,1
"267","5",-0.38767302514143,0,0.557395457181236,-1.90655429384498,1
"268","23",-1.17312340490329,0,0.18063074235562,-1.18955138388366,0
"269","2",-0.243025930119299,0,-0.747372430121649,0.972688727175176,0
"270","7",0.510753859817258,1,0.98251570430855,-0.290286730191512,0
"271","22",0.186057880337707,1,1.73945174444388,-2.19222098737558,1
"272","17",-0.602617924835401,0,0.876675924234538,-0.178143703311294,1
"273","20",-1.08279929107133,0,-1.96568302130289,1.43768000875466,1
"274","13",-0.988546353669053,0,1.39829017058281,0.658665119876782,0
"275","20",0.50595417026972,1,-0.0663747597039059,-0.829451812854157,0
"276","4",0.742330984306915,1,0.518200626049458,-1.56568174938857,0
"277","2",-1.16774734143297,1,0.61592224584643,-0.834824948193973,0
"278","4",-0.373999773689765,0,-0.107257013446792,0.040000171778937,0
"279","8",0.687910631519302,0,-0.0857012000961959,0.907176198366892,0
"280","3",0.376454930824177,1,1.01551039674457,-1.96599728438023,0
"281","9",-0.447921369304052,1,0.706046743162846,1.0444620683726,0
"282","8",0.739322010390974,0,0.986436269142968,0.0104660186188294,1
"283","7",1.01310415856597,0,2.38774277654534,0.583798722742727,1
"284","8",1.80088762191951,0,0.658567875383344,-1.67473472047579,1
"285","4",1.00180261828092,0,0.198697079921082,-0.672378826196646,0
"286","22",-1.2466374150181,0,-2.23432196545317,-0.450470754848083,0
"287","21",0.0863093126302897,0,2.69844623736727,1.06548204674253,0
"288","19",-0.0240432365967191,0,-0.495642994084002,1.04951376139829,0
"289","11",0.472320803232386,0,2.37949996178956,0.446959415675841,1
"290","11",-2.35345562161802,1,0.366997422894686,1.63475045993112,1
"291","6",0.0817455146625246,0,1.53800583059092,-0.5187204930068,1
"292","4",0.617317430582438,0,-0.120362082255288,1.03362720798261,0
"293","1",0.386492516280301,0,0.504673678804505,-0.0315928049731383,0
"294","19",-1.2016467148648,1,0.205314714077024,-0.673077524163306,0
"295","3",-0.435556545191402,1,-0.197246618414353,0.943046331124558,0
"296","11",-0.792365753741513,1,-0.131111881253778,1.4080758090842,1
"297","3",0.243726824750942,1,1.00914842808472,0.897196048823148,1
"298","18",1.92323663213685,0,-0.212679241210595,-0.512616812982229,0
"299","8",-1.31430327310891,0,-2.06029811929941,-0.472368379640023,0
"300","16",-1.14426993284803,1,-0.207075785755445,1.40459664057658,0
"301","4",-0.330546733894273,1,0.533169266016023,0.36338171512831,1
"302","2",-1.59992858060335,0,0.61031011551412,0.847742313881405,1
"303","18",-0.0196981082764797,1,0.61042291227391,-0.339189465329057,1
"304","8",-1.41477224103219,1,-1.71257267302733,1.28609312973963,1
"305","21",1.79589821814268,1,0.36105929159347,-0.816748751610258,0
"306","12",-2.14797872087985,0,0.963894212952133,0.64025869387377,0
"307","17",1.827113626272,0,1.27452941632539,-0.825303025573816,0
"308","6",1.71202696278577,0,-0.236328211877212,-2.49697793111301,1
"309","15",1.13635917955415,0,-0.333861025868616,-1.3594816199466,1
"310","21",0.521774351559777,0,1.48709951703513,0.14339279199004,0
"311","21",-1.01713076080237,0,-1.68824919153859,0.901942993226585,0
"312","20",1.52969265931003,0,-0.449511650589007,-1.77434691309968,1
"313","13",-0.447422145790184,1,0.450329857322386,-1.26648691702104,1
"314","6",-0.167467422781412,0,-1.63778368311192,1.79764459306197,0
"315","23",0.653833644877691,0,0.271392105617427,-0.435907007049644,0
"316","10",0.785461163650388,1,1.87954597983275,0.518696631095444,0
"317","13",-0.533007988487365,1,-0.0140568146832326,-0.530428639562773,1
"318","16",-0.210487920572074,0,-0.290152910432586,-0.298429718071711,1
"319","3",0.455159692931103,0,0.46788777419059,0.0935585201491425,0
"320","19",-0.105630068665608,1,-0.290774892106498,0.016058028258906,0
"321","9",1.08322284183516,1,0.808476896200696,-0.190714002603431,1
"322","15",0.855816572994812,0,0.900076896913632,-0.472377371967202,0
"323","6",1.19093224926811,0,-0.00726259911488755,-3.09161004274541,0
"324","9",-0.428848525412607,1,-1.19396498189444,1.90341658738827,0
"325","22",-1.09129505576172,0,-1.33637179484424,1.82393604541613,0
"326","16",1.29024003585788,0,-0.606648122491024,-1.11374341604957,1
"327","20",-0.881447463699551,1,0.792357612738416,-0.1658708366904,0
"328","19",-0.398594962694448,0,-1.98032760991424,1.40215776501259,0
"329","23",-1.81677044418517,0,-1.90800154879744,1.0191525288578,1
"330","4",-0.548535696367597,1,-0.667807761863762,1.30190839127178,1
"331","22",-1.05266399487631,1,0.386871267721777,-1.08394015430031,1
"332","13",-0.938695613353588,0,-0.929206066102453,2.62334478571466,1
"333","7",-1.08411740813303,1,0.882280717972011,-1.14663867126038,1
"334","16",-0.889111880483599,1,0.325467705320117,0.770876524410337,1
"335","11",-0.476608960606652,0,-0.181669470775797,0.148453109689837,1
"336","23",0.937841998075127,0,0.813938340161637,-0.405235896425979,1
"337","18",-0.487548487728275,1,0.380804165873274,-0.380553425415403,1
"338","14",-0.68085813430402,1,-0.458673201486436,-1.00230696415059,0
"339","4",0.228236931921798,1,0.222578134844837,1.65349265797227,0
"340","15",1.13191351834271,1,0.64156048263646,0.0958637745623824,0
"341","16",1.00279707527027,0,0.348523266982543,0.268278455130031,0
"342","10",-1.22398475778652,0,-0.672064396328398,0.217901530496704,0
"343","11",1.00581510543812,1,0.850538124815404,-0.376240592560044,0
"344","20",-0.24302726613729,0,1.15011970790079,-1.14720891922119,0
"345","20",0.134295934758489,0,0.268017991080721,0.262699121406547,1
"346","19",1.45831354289337,0,0.135027928207472,-2.12215095325463,1
"347","1",-0.0388973308077328,1,-0.0860653288616299,-1.43629843436142,0
"348","5",0.857130608124813,0,2.16485736129417,-1.0886641818414,1
"349","16",0.630963628462007,0,0.268059220943655,-1.09098279276447,0
"350","2",0.0503948287608334,1,-0.169247271754086,0.113821619055308,1
"351","22",-0.454854061404153,0,-2.53345143139449,1.62893441183773,1
"352","23",-1.5017267474565,1,-1.58496594821462,-1.53460071964778,0
"353","20",-0.508576199077076,1,-0.0881261581219837,0.445522390316536,1
"354","10",0.206367767340785,0,0.197603221396463,0.918830428254851,1
"355","5",0.535737798024979,1,0.268619603629876,-1.0004125785582,0
"356","16",-0.291083329408207,1,0.816633606170525,-0.0487213984903861,1
"357","12",-1.06624653906434,1,-0.205328168439431,0.841684014763531,1
"358","23",-0.607788121627133,0,1.21215485648355,-0.254668104340499,0
"359","15",-0.480227374561853,0,-0.93720539380832,-0.219287243932627,1
"360","1",-0.719931347839759,1,-1.22591256994544,0.317561918936737,0
"361","12",-0.517280483997266,0,-1.24658350769405,-0.0560504459380999,1
"362","8",1.00018417627372,0,0.736932320649304,-0.559604789571601,1
"363","10",0.028152459889706,1,-0.093405458050498,-0.135907377925756,0
"364","10",-1.53467151418831,0,0.784748105083965,1.91782738375526,0
"365","7",0.142846441917427,0,-0.279338613707117,0.892541147993487,1
"366","21",0.364029078251028,1,-0.605536000432276,-0.924280834556954,1
"367","22",0.246926519778768,0,-0.380609318236318,-1.25987616473075,0
"368","10",-0.136317592027895,0,-1.87408404016621,-0.360809539802082,0
"369","20",-0.832977728267041,0,-1.18684416948739,1.35491460833621,0
"370","15",-0.462819129223242,0,-1.46095403025785,0.302273954784568,0
"371","6",-0.155294054595536,0,1.05089381399816,-0.707786204831885,1
"372","5",0.0942123547977555,0,-0.611007734551369,0.90124382206888,0
"373","19",-0.988386110663082,1,0.784387814087395,-0.130578997397197,1
"374","7",0.393831133233603,0,1.51593008912219,-1.1336531078252,1
"375","12",-1.18641945505746,1,-0.202935814237424,0.473478224848069,0
"376","15",-1.31599580697885,1,0.275669529021653,1.55340248691736,1
"377","4",-1.06253540583816,1,-1.77190457993402,0.446327319473246,0
"378","6",-0.393199119311745,0,-0.833720924896303,0.199987501565059,1
"379","5",-0.192664926221582,0,0.0465927225307232,-0.661801320622884,0
"380","16",-0.59976484364155,1,0.290971897909155,0.58239624023236,0
"381","9",-1.29869176908378,1,-0.774081459538615,-1.08274498575176,1
"382","21",0.844529902248736,1,2.69154869521621,-1.67462648043934,0
"383","18",0.631680906852855,0,-0.471205602481087,-0.0391239152727392,1
"384","4",-1.21043972468129,1,0.0546712512230468,-0.0302247787808412,1
"385","13",-1.99054739769339,1,0.643853130903074,2.40774346858466,0
"386","16",1.83770382344746,1,-0.0361510543659199,-1.23084962029725,0
"387","13",0.219843003064866,0,-0.657531951735887,0.178556609834634,1
"388","3",0.155191671873536,0,1.04182125420865,0.822829862189708,0
"389","6",-0.00319606020541686,0,1.6155994861039,1.07229055654108,0
"390","17",0.533628631332472,0,-0.0398491976216314,-0.00597460106000839,0
"391","22",0.146548243456537,1,0.555785483338819,-0.750203815941805,1
"392","19",-0.281981022775481,0,-0.107987946511765,-0.0619133964666259,0
"393","22",-0.949423542500481,1,1.01279177901034,1.97565245945567,1
"394","23",-0.873777596980904,1,-1.17331285376834,0.495368848675547,1
"395","6",0.985922597539049,0,2.32529115721584,-2.07220351795047,0
"396","10",-0.999676849520956,0,-0.617247371714223,1.45111102065389,0
"397","20",0.601069333250387,0,-1.47787314091959,0.554054910266926,1
"398","21",0.161495565039147,0,-0.363066380489668,-0.0291867290843297,0
"399","8",-0.361799380656773,0,0.137647907679466,-0.0132277400425917,1
"400","8",0.55156254266634,1,1.62372548477623,-0.147260523387996,0
"401","3",0.0943538665777911,1,0.906893146021137,0.265577534661962,0
"402","10",0.286342578288402,0,0.133371482251281,-0.506991879684305,1
"403","18",-0.270495243605358,1,-1.4080768064644,0.286355892994843,1
"404","20",-0.827655885442371,1,-0.881382829852481,-0.941307404765643,1
"405","18",-0.102623079857194,0,-0.174269145901576,0.20826409455733,0
"406","5",-0.462747355185482,0,2.55889773193371,1.12943328431365,0
"407","15",-1.74997862046139,1,-1.88174201799049,0.522258598692519,0
"408","15",-0.13568597260298,0,1.12810234998404,1.05517842584826,1
"409","15",0.571194087911155,0,-0.540476926815162,-1.10336734840157,1
"410","2",-0.688083660365114,1,1.66635809852708,0.0605888918847925,0
"411","5",-0.407408734311824,0,-1.15624081376258,0.632028110029922,0
"412","17",-1.31122425502977,1,0.134543512949659,-1.08013834829611,1
"413","22",-0.902491860502265,0,-1.11634507273489,1.59573945276171,0
"414","6",1.63263382818357,0,0.899152155814621,-1.04641138181515,1
"415","19",-0.446391481109968,0,1.4830159901995,0.172066993262039,1
"416","5",-0.381236872957986,0,1.95285507287299,0.159178030493569,1
"417","4",-0.336867803269108,1,0.792579135943477,0.128534354552527,0
"418","14",1.00470242433487,0,1.84473351992509,-0.208863645520057,0
"419","15",1.3010834944139,0,1.2441875206972,0.462042819721515,1
"420","12",2.5922184152151,0,-0.142664213344216,-1.04270968056434,1
"421","21",0.897727987178299,1,0.470026488197264,-1.30503248327646,1
"422","18",0.310588374336688,1,-0.987996800303387,-0.660100090931831,1
"423","22",1.35648360968956,1,-0.196322388583927,-0.0533183543052116,1
"424","6",-0.226171425690167,0,1.21856932932383,1.281737554079,0
"425","6",-0.765057885321995,1,0.534672071982034,1.61772481449144,1
"426","16",-0.0926303010110956,1,0.450224459587312,0.329504296767569,0
"427","15",-1.29679977084992,0,-1.05454403485481,0.392606273721373,0
"428","16",-1.28181065862556,0,-0.618235447867355,-0.242614429606523,1
"429","2",1.46844563390746,0,-0.779321673142183,0.0537415673965827,1
"430","10",-0.168326445543122,1,0.387777880968617,-1.4220534545655,1
"431","19",-0.935794974520183,1,-1.00662510270674,0.299484725037272,0
"432","22",-0.728904280795907,1,0.555558125888802,-0.539184522665162,1
"433","8",-0.000479521193126829,0,-1.13331520017558,0.34494428819829,1
"434","15",0.652487395636299,1,1.82990628177835,-0.346585062462978,0
"435","5",0.261980381891751,0,0.453478545856834,-0.667259720434575,0
"436","3",-0.285212067795479,1,-0.71532459246645,-0.217689155233529,1
"437","11",1.12296662959979,0,0.232570758873496,-0.367842755602352,1
"438","4",-0.264850444430321,0,-0.364611280142292,1.11697830813506,0
"439","7",-0.218852732961108,0,0.363480122956159,0.217469997169196,1
"440","14",0.0822000399874861,0,0.235072976668601,0.444318879472446,1
"441","10",-0.277666798148713,0,-1.03037813324782,-1.25574723093188,1
"442","22",-0.821959677306578,1,-0.806195271543825,1.52564510465995,0
"443","20",-0.918475026930459,1,0.291481824100527,0.166836514921862,1
"444","15",1.9023690821048,0,1.63925193972212,-0.865033941306802,1
"445","3",-2.12305395034015,1,1.08137654204967,0.318902849492966,0
"446","15",-0.296882211627355,1,-0.638414136015308,0.889254845169696,1
"447","4",-0.0194130471012451,1,0.821077131225738,-1.4008514859657,1
"448","22",1.1900134507109,0,-0.0588407026635718,1.72201687408204,0
"449","2",0.0719265131914788,0,0.293212464184989,-0.155633106369521,0
"450","22",-0.131566707267251,1,0.25200617812693,1.143995529027,1
"451","21",0.514487023354817,1,2.58146053020959,0.0783363758091921,0
"452","14",0.205796351112977,0,-1.20261498051406,-0.332810056715738,0
"453","1",1.20027468293424,0,0.0915751452131156,-1.85930014450523,1
"454","18",1.76397335854134,0,-1.80099374556216,-1.11281936904052,1
"455","5",1.01051723047854,0,0.583525135306812,-0.0370793102448343,0
"456","1",-0.16355656767376,1,1.09344241708204,0.845993390658418,0
"457","2",2.05312246091071,1,1.44466220929475,-1.90680542492241,1
"458","11",-0.569156705171985,1,-1.94706253661629,1.40232622035179,1
"459","4",0.317694900306122,0,0.405359939224151,1.42625162421951,0
"460","11",1.86320798122086,0,1.59328650693755,-1.15665235936597,1
"461","13",-0.387282063721595,1,-0.426555965717117,0.484763714567673,0
"462","6",1.05668275596486,0,-0.223437976987674,-1.04522392003753,1
"463","5",-0.0376464455582075,0,-0.0467349139768975,-0.122278116760678,0
"464","16",0.0370476365169581,0,0.357312880359898,0.948413389354778,0
"465","14",-0.386358321038378,1,0.659316504337359,0.887127018521041,0
"466","3",0.232300122016757,0,1.31602754347127,-0.857813655379087,1
"467","19",1.85049855884283,0,-0.106051093604451,-0.387889386005445,0
"468","18",-0.3908722678166,1,0.187525068612134,-0.986830467971816,0
"469","14",0.329741635134567,0,2.49346596862558,0.349886860786712,1
"470","20",1.38333748394603,1,0.423803111835856,-1.57905038573173,1
"471","2",1.0351858350945,0,0.179953437132186,-2.66639113900161,1
"472","21",-0.0194036101473803,1,-1.36054326157074,1.49820437219896,1
"473","9",-0.957966063082703,0,-0.00709719263731091,2.31469839672831,1
"474","17",-0.138492478118114,1,-0.232670536591883,-0.45737868243019,1
"475","14",-0.71893133841743,1,-0.0210853369612338,0.778177422821255,0
"476","20",-0.729607281135763,0,-0.588959308654894,-0.00270145382309704,0
"477","5",-1.04880310024579,1,-0.701048590504217,1.50277777330621,1
"478","3",-0.617810219728556,0,-0.735217293171701,0.567914014920553,1
"479","4",0.783409226477004,0,-0.225806567744416,0.211837347654502,1
"480","18",0.306932871389192,1,1.36665151306978,-1.82294513313757,0
"481","6",-0.0358781224595427,0,1.04562567923949,1.10517018476261,0
"482","1",-0.840641630420177,1,-0.372179875470321,-0.351535142133314,1
"483","20",0.47029024820188,0,-1.70634922580536,-1.42098081883141,1
"484","18",-1.66644730270719,1,-0.859795380821927,-0.20009795038149,0
"485","5",-2.66616100105471,1,-0.470572089664805,-0.123881499321869,0
"486","15",1.32841802367092,0,0.0943101576424891,1.08104213969205,0
"487","9",0.967066924183341,0,-0.676689990784178,-1.18111665778112,0
"488","4",0.787183682462224,1,2.00916201026255,-0.561627316384041,0
"489","20",-2.12321035392248,0,-0.283928030157881,1.51680436752035,0
"490","8",-0.411493192757159,1,-1.23144846037214,1.38528299683054,0
"491","14",-0.259998337288566,1,-0.152109308056486,1.18671067536616,0
"492","9",-0.621714648517308,0,-1.0215873280231,1.69297741643957,0
"493","9",0.832381759142595,0,0.147153754731958,0.212210223106008,1
"494","15",0.885266007029313,1,0.225112443964374,-0.586254457507364,1
"495","15",0.0188644589268912,0,0.347823216436758,0.568991073072082,1
"496","21",0.597506289677006,1,-1.64189352282587,1.08055066805697,0
"497","3",0.301190349377933,0,0.212109932491994,2.45709693006453,1
"498","14",1.83885594917554,0,0.302405588323333,-1.99143935263869,1
"499","3",-0.90486549165701,1,-1.43989797569539,0.282520053902716,0
"500","3",-0.397510458183809,1,0.951323114971198,0.670171922490867,0
"501","6",-0.340128971998274,0,0.779066020124898,-0.050549384023545,1
"502","5",1.47128742163476,0,2.30391848604729,-1.57777746237864,1
"503","14",0.226519908227162,0,0.147704430931464,0.75826281636173,1
"504","16",0.466612434146743,0,0.0370525651469841,-0.786605566921501,0
"505","3",-0.458568000845757,0,0.0872142258676179,0.518860574810529,1
"506","19",-0.297258538471007,0,0.0602281959685708,0.926965241356881,0
"507","10",0.514636924615994,1,-1.86991427572679,1.30938123884211,0
"508","19",-0.816915478157618,1,-1.69146805559783,-1.57781967475988,1
"509","13",-0.88758857351243,1,-0.0879910913263213,1.10393696884844,1
"510","23",-0.780182459088027,0,-0.594644106916457,-0.764148204929945,1
"511","6",-0.426558327357323,0,0.0451052245921756,-1.30468226427126,0
"512","16",-0.903485021510284,0,-2.13428025657073,1.3402297615562,0
"513","23",-1.18172229839899,1,-1.51796925952255,1.16948536274315,1
"514","7",-0.486272587910928,0,-1.11828956191454,-0.241535861074921,0
"515","9",-0.929917411343213,1,0.982206156447277,0.776590702397716,0
"516","14",0.0337879733157355,0,-1.11527755458472,-0.869142862035868,0
"517","1",0.99167533318591,0,-0.814446231152201,-0.148522213490411,1
"518","20",-0.459830919395199,1,0.0703985054998991,-0.0902987300026256,1
"519","20",-0.778428849948157,0,-0.334720099541479,-0.280301961105394,1
"520","3",-1.32395815461658,1,0.137354794531603,0.750742458174445,0
"521","8",-1.43622200755182,0,2.30939488064951,1.5667977547949,0
"522","19",-1.22344789333074,0,-1.14155326482654,-0.458127982226157,1
"523","18",-0.428122417130235,0,-0.317336168429684,-0.0282588251028546,1
"524","2",-1.22432027749494,0,-0.529937118817359,1.66781533059418,0
"525","4",-0.723479322440944,1,1.51180950201096,-0.329375194605291,1
"526","21",1.91925968370861,1,-0.78423085792556,-2.6407000639096,0
"527","22",0.985043161994849,1,-0.0925672501385758,0.52711256457874,1
"528","22",2.66277124700466,0,0.782047140349264,-0.895702589066729,1
"529","12",0.480719278628193,1,-1.07513049074211,-1.00956259939071,1
"530","17",-0.0138990755501174,0,1.65547590221622,1.44842651132461,1
"531","17",-1.65431939529963,1,0.669984837204554,2.49201042481565,1
"532","15",-1.05449154421773,1,-1.09084346851163,-1.05146534888044,0
"533","19",-0.401518202267249,0,0.447427688933968,1.05241042449901,1
"534","23",0.708130156587062,1,-0.224601765388781,-0.0907301149833198,0
"535","13",0.757952928682024,0,0.305201522704362,0.148993075475083,1
"536","2",0.088490758361774,1,-0.100504493496725,1.24667533842354,1
"537","1",0.150924603498793,0,1.06718806780139,0.222007756226856,0
"538","5",-1.4599479816998,1,-1.36945548495046,-0.860039388979243,1
"539","17",0.0729659606387641,1,-0.535830712909609,-0.472999540615266,1
"540","6",-0.280364168474547,0,-0.260707972066296,0.702013063853577,0
"541","10",0.0489068240844756,1,-1.01194903051792,-2.36832817036222,1
"542","23",1.32688661274927,0,-1.0563793576326,1.11765512005568,0
"543","15",0.93689255262527,1,-0.0280627786119357,-1.58725426611295,1
"544","14",-0.06539068360091,0,-0.142966297372466,0.0272024121601881,0
"545","6",-2.24299896033689,1,-2.575133463015,-0.188477618377299,0
"546","10",-0.697345714689361,1,1.03705968065769,1.31863922852945,0
"547","21",0.986198901333927,0,0.241304424123704,0.196786127300199,1
"548","7",0.462290259663346,1,2.42122997481805,0.10848810694633,0
"549","11",-0.147224775738812,1,0.679479212958429,0.714205250322736,0
"550","10",1.13373411821016,0,-0.45970383932766,-0.83529974139617,0
"551","12",0.702349166069021,0,2.80477915141116,-0.194105961356679,1
"552","14",0.0869910445365409,0,2.83983019317036,1.20131001301774,0
"553","7",-0.940843950040793,1,-1.23624538977444,0.699308926767839,0
"554","3",0.774864154722287,1,0.461971529784156,-1.29094355653597,0
"555","15",-0.671554037284369,1,-0.222528756243137,0.653064823084209,1
"556","11",0.769509474753308,1,0.17824091297426,-1.39466676275537,0
"557","19",-0.962584079260321,1,0.218983761982519,-0.602943893606108,1
"558","22",-1.91200112908019,1,-1.27970203974654,1.23517831425467,0
"559","2",0.55640853425783,1,0.277390818350031,-2.28207023921912,0
"560","11",1.70613042136566,0,1.75013120242854,-1.8025015464588,1
"561","11",-0.538087372345431,0,-0.175079213610833,1.32707500620215,1
"562","11",-0.526948479626322,1,-0.173908701458156,-0.822882803781939,0
"563","4",-2.62266295352979,1,1.39727976017141,1.26848850800833,0
"564","3",0.675194947487503,0,0.894000197268612,-0.166015793725108,0
"565","10",-1.39635791045175,1,-1.66869537293669,0.439527827450169,1
"566","14",-0.171384726050656,1,0.220004300483198,0.831187013239119,0
"567","18",1.86907386436568,0,1.65383721513367,-0.656689719037801,1
"568","17",-0.235607723783403,1,1.41408776110556,-0.304533696457832,1
"569","2",0.537851084633702,1,0.412586613782854,-0.416804581014755,1
"570","13",-1.1197763497283,1,0.715725316942162,2.86597454289881,0
"571","15",-0.275922243001032,1,-1.21433365284859,0.133082609711354,0
"572","3",-1.28181463949058,1,0.292023044023225,0.485271557600936,0
"573","19",-0.0460985685032616,1,-0.970342648327963,-0.341273783251936,0
"574","11",1.15814002216443,0,-0.470831222631413,-0.240730578854693,0
"575","7",0.89782297987084,1,0.93143852792006,1.40569268998389,0
"576","2",-1.34885788262766,1,-1.15391896631409,-0.339374052484345,0
"577","16",0.616304982973895,0,0.258603625668672,0.0253789921670173,0
"578","4",-0.281092894175903,0,0.421019053505375,0.387902888861891,0
"579","1",0.332237365770565,1,0.0452817580817297,-0.433696660743982,1
"580","12",-0.22246605128487,0,1.82352529300544,1.99526894944657,0
"581","18",-0.253428486052578,1,-1.03866237929516,-1.4463490765444,0
"582","7",-0.175160811409018,1,0.599920586885087,2.04833179809461,1
"583","1",0.390351732209157,1,-0.0994533815737424,-0.35228520521867,0
"584","22",-0.0978627745141972,0,-0.272421778871464,1.38371218539543,0
"585","6",0.845749375398207,1,0.457000148459454,-2.02618048094089,1
"586","13",0.0143808723383464,0,-1.03670356109102,0.976269099123729,1
"587","19",-0.0992705733029817,0,-1.33157238525627,0.895347848185323,1
"588","13",0.0724263168024386,1,-0.507520296800495,-1.28659547965392,0
"589","6",1.0861473464215,1,1.75265656330492,-0.775671851485238,1
"590","12",0.289547804070984,1,0.0461398548605292,0.201536319727661,1
"591","12",0.121880187309091,1,0.323520122369429,1.16702210151864,1
"592","2",1.21570065752667,0,-0.200995677704757,-0.77331015665605,0
"593","5",0.308975897720769,1,0.463441370501073,-0.222783854345147,0
"594","12",-0.578137052588145,0,-0.967556070934833,1.60136039892474,1
"595","16",-0.134425446243517,0,1.15512481613114,-1.14042834033513,0
"596","19",-0.778048150845591,1,0.578362634707769,0.967850131760609,1
"597","12",-1.27196526357741,1,-0.821428158816678,0.460855560852895,0
"598","7",0.325101254334478,0,0.0449208080233121,-1.11855177920961,1
"599","23",-0.288862354076169,1,0.710805789899526,-0.67361166562632,1
"600","7",-0.0686435324387412,0,0.551220969981809,0.800706551711505,1
"601","22",-0.371953373337616,0,1.48115906541682,0.257856123737574,1
"602","9",-1.3351209903703,1,-0.62676256035381,1.45277634450173,0
"603","10",0.836303798032443,0,1.11309174105019,-0.606472513706553,0
"604","11",1.04722776945154,0,1.03300925532557,-1.73694464950015,0
"605","21",-0.52241835107987,0,-0.173462370072888,1.06948047087059,0
"606","10",0.500221469801511,1,-0.991953684320597,-0.613419358343795,0
"607","7",-1.33706511536575,0,-1.10587474993422,0.127183344664471,1
"608","18",-0.273172907470862,1,0.450656751915745,1.75141376894766,1
"609","14",1.44747601048002,0,-0.0815390677009204,-0.249491692915789,0
"610","5",-0.222559205059023,0,1.78017177063093,1.57922080830001,1
"611","9",0.52505436969986,1,0.528487749391474,-1.10973837429014,1
"612","20",-0.648919370676159,0,-0.384223909979014,0.945211561309393,0
"613","11",-0.0863519066951995,0,-1.04187712501495,0.255661407037338,1
"614","3",0.52770900954682,1,-0.595986680800918,-0.743615663377227,1
"615","17",-0.548768760482905,1,0.335045193807438,-1.29552784303027,0
"616","9",-0.838614044665894,1,-0.463703846037407,0.0827887005389112,0
"617","13",0.223018398048709,1,0.507450167340092,0.26416054435784,1
"618","9",-0.0464821024198959,1,-0.346383721113263,0.286798413770326,1
"619","9",0.228939236969482,1,-0.116185914850162,0.550350039604585,1
"620","16",1.19341359831591,0,-0.74501375031569,-0.462917769781461,1
"621","12",0.859221466771523,1,1.90689420411086,-0.514852215088933,0
"622","1",-1.14181718052114,1,0.324714823505193,0.245642601901126,0
"623","5",0.0455301846968442,1,0.22209385429854,-0.545316492342347,0
"624","18",-0.813938188621641,0,-1.71233208329091,1.24361823340579,1
"625","11",0.223164344858962,0,0.653915217630908,0.181837733246022,0
"626","20",0.917134546882413,0,-1.03994655932203,-0.620172194944222,1
"627","3",0.736458850020316,0,-0.907024797225201,-1.83082550666188,0
"628","6",0.280901710113562,1,0.914068894139306,-0.649038699278477,1
"629","11",-0.59630642205116,0,-0.465480804245117,2.08361219646312,1
"630","15",0.279696145851337,0,-1.76919261546728,-0.564795913193603,0
"631","18",-0.540567150207766,1,1.77091613282297,-0.844427965583315,1
"632","18",-1.23226774146039,1,-2.4021306806852,0.668295346982029,1
"633","8",1.46802134184209,0,0.566395098815689,0.453261129605852,1
"634","2",0.174545712969776,1,1.01359073768553,0.768552714208616,0
"635","4",-0.652648399962165,0,-0.644854246140577,-0.277492838866767,0
"636","11",-1.07301249167394,0,0.437073072885482,1.14550265313546,0
"637","7",-0.533125882103772,1,0.431884410638211,-1.18641272765713,1
"638","18",0.459394533272414,1,1.03710968624445,-0.0447361256911461,1
"639","3",0.36631779883276,1,0.477132461421146,-0.710463384264071,0
"640","20",-0.556910110809723,0,-0.256374347318041,0.696550589131438,0
"641","18",-0.368194041999607,1,0.91170520384078,0.137003936178215,1
"642","19",0.307336280162323,1,0.795619585753786,1.13234978606432,0
"643","12",-1.27997417992437,1,-0.952351795103726,2.09629353455065,1
"644","21",-0.222971120618946,0,-1.41945086190321,0.147822753226717,0
"645","19",0.685673713329794,0,0.151301165124551,-0.538232631039965,1
"646","11",-0.170480890714893,1,-0.285633387699265,-0.831746056028006,1
"647","11",-0.98487168941429,1,-1.00162575309638,-0.262313146362906,0
"648","7",-0.0747796667632153,0,0.074480540838285,-0.0657921459071621,1
"649","10",-1.51193583697414,0,-1.33815861343861,2.02852948653419,1
"650","10",0.459234480804377,1,0.152255864223847,-1.14221878384305,0
"651","15",1.03483360707719,1,-0.638777289559125,-1.10575352834125,1
"652","20",0.222454101750724,1,0.95313291070312,-0.409560237397851,0
"653","2",1.1626070854796,0,2.42956313462297,0.601863147518802,1
"654","2",-1.23491232830674,1,-0.931634236499356,0.83914506548153,0
"655","18",0.091782953829123,1,1.05425645082942,-0.917512071709414,0
"656","6",-0.202234379785068,1,0.820299159483209,0.133988383629748,1
"657","10",-1.35129538180846,1,-0.080600771679242,-0.0386567824311195,1
"658","6",-0.172607593796905,0,-0.466432400424022,1.21921347048639,1
"659","9",0.0761927028479925,1,1.57511217870246,1.11150632998239,0
"660","19",0.442725323048623,0,-2.02787347566701,-0.31234626318493,1
"661","5",0.606587308183955,1,-0.657157044193852,0.0516493654405068,0
"662","8",-1.93614244847676,1,-1.45573061399994,0.668066866420929,0
"663","14",1.48411489040474,0,1.39400097202324,-1.67497557958477,1
"664","10",0.334312527468543,1,-0.201857789438788,-0.310304441526997,0
"665","3",-0.298331919178468,0,-0.537897964218687,0.588973980190046,0
"666","5",1.42337958888572,0,3.19383182214042,-0.526666337904635,0
"667","18",-1.39405080634427,1,-0.0603187330201097,-0.0559538760989986,0
"668","12",0.234029898707879,0,-0.456473922874166,-0.0164218585043546,0
"669","1",-2.40841607546198,1,0.291755074672577,-0.73028785610605,1
"670","17",0.381041968740108,0,-1.58812830665714,-1.00543921959287,0
"671","15",1.63484145575016,0,0.483374209898788,-0.198137710031889,1
"672","19",1.01485867041597,1,-0.106730896682509,-0.347648257070271,0
"673","12",-2.04376207321352,0,0.461461551248102,0.852335595968782,1
"674","3",-0.0939854947518288,0,-0.998437614765591,1.55923353986932,0
"675","7",-0.33008503097441,0,-1.03930284269751,-0.00719162455558478,0
"676","15",-0.567838329374226,1,-0.707688550925971,0.409959394351005,0
"677","15",-2.1026553604482,1,-0.782726228864842,-0.066618613609009,1
"678","8",0.529929826932467,0,1.29714014514897,0.615883901656122,0
"679","4",0.048846981330306,0,1.57897384914858,0.226905684137801,1
"680","1",0.339071990970239,0,-0.167836495634537,0.245294757323254,0
"681","17",-0.849047460269206,1,-0.371134873434508,1.13560804417493,0
"682","8",-0.861011959816042,1,-0.341051615505097,-0.998267814952522,0
"683","20",-0.386726652521469,1,0.0596951555847875,1.47590561873635,1
"684","9",0.159920581711586,1,0.0875346012874007,0.359608413332794,1
"685","15",-0.240933646433179,1,0.281863207739869,0.188630637561751,0
"686","19",0.180265244655937,1,-0.761283355543055,-0.564267030381274,0
"687","10",-0.773500338160369,1,-0.86212269398034,-0.161573359787734,0
"688","18",1.2880582475538,0,1.19453506194701,0.384573194067433,0
"689","9",0.448504483160002,0,-0.562002783731556,-2.09174789509507,1
"690","5",-0.064784745517384,0,0.294955255737503,-0.606206316449229,0
"691","5",0.779161438765725,0,-0.0672950227149495,0.600270259824101,0
"692","10",0.553344839845128,1,-0.973764206530991,-0.294263130168419,1
"693","11",0.612322875950614,1,0.584758729511955,-0.808389768290927,0
"694","18",0.550259480437892,0,0.16420809752766,-0.640924589520792,0
"695","19",1.61533659838432,0,1.39849862697283,0.244434770883734,0
"696","19",-0.497573146674546,1,0.108217506657236,-1.65601734838663,1
"697","8",0.777523204634013,0,-0.343574099806761,0.890062754366847,1
"698","23",2.28079167562351,0,0.270050884991064,-2.19864854251101,1
"699","11",0.170286816736837,0,-1.20291969819986,-0.506456046913772,1
"700","11",0.74584480347625,0,-0.851052084517235,-0.794831598783749,1
"701","20",0.741280833394069,1,0.503468744241541,-1.26361755797702,1
"702","21",1.41482442211681,0,-0.345159017243007,-1.090198950014,1
"703","1",-0.618517180067526,0,-0.0763412244878838,0.258991896343661,0
"704","14",0.432317862118898,1,-0.125907670941816,-0.116765524110166,0
"705","21",-1.17393245963116,0,-0.664520281515367,-0.300735710224345,1
"706","9",1.65056275153616,1,-2.04118641934629,-2.35290215284681,0
"707","23",-0.199232266619699,1,0.341028672055245,-1.34054721582038,1
"708","6",0.0920460842659035,0,0.756394832209887,-0.128482773354163,0
"709","17",0.424677412102292,0,-1.30668421517345,-0.887135069419449,1
"710","10",-0.231868012718936,0,1.48163067649169,-0.804571133022973,1
"711","15",-0.671729604336177,1,0.377573905260637,1.07122162428566,1
"712","17",-0.0219450742236672,1,1.33999476404046,0.18331340072941,0
"713","8",-0.365219247811866,1,-0.973081072637912,-1.05559229514456,1
"714","13",1.48665876910426,1,0.1578452719309,-0.471259328778408,0
"715","14",-1.12928940192529,0,-0.110605550084611,-0.284531872555187,1
"716","21",0.426811081381239,0,0.763305374751819,-0.686237452794973,0
"717","8",1.31965758381305,0,-0.58940397763379,-0.974527127476142,1
"718","2",-0.432778934603997,0,-0.0201312953931354,-0.047710185036835,1
"719","11",-0.915800645806282,1,-1.79966742674007,0.75795175462581,1
"720","6",1.45427838423878,0,-0.792417868373452,0.235395668297242,0
"721","13",-1.17331713620351,0,0.115838807349829,-0.198421955428263,1
"722","14",-1.11623135097724,1,-0.720675472244455,0.398934358623007,1
"723","7",-1.482408554731,1,-0.0538108156843411,0.811517328817195,0
"724","11",0.157770989190453,1,-0.480800611108305,-0.137836640244795,0
"725","11",-0.921805494674642,1,0.600725425164079,0.468004942267221,1
"726","23",0.665875321143726,1,1.16576829819249,-1.15894504626452,0
"727","17",-0.885783433091903,1,-0.83757633706383,-0.248716138861489,0
"728","9",-0.276448353653258,1,-0.318912810492341,-0.422088741619014,1
"729","21",0.618216690529957,1,1.4387246085278,0.203710145316746,0
"730","1",-0.295611174141806,0,-2.22253944456501,0.36794657151446,0
"731","21",-1.40873136016798,0,-0.331793480578203,-0.120670854634796,0
"732","21",0.00423711326209541,1,2.06754566394001,-0.773528507384485,1
"733","21",1.06500626876415,1,2.19723123839902,-0.93963937923481,1
"734","19",1.19075710888025,1,0.14759609880613,0.287889354395522,1
"735","23",-1.25332551892234,0,-0.878938964123538,1.38342487496742,1
"736","6",0.305472324724539,0,0.156513187913898,-0.794783966064018,1
"737","6",-0.300953407205467,1,-0.666796093949552,-0.386022256885369,1
"738","18",-0.672781578749172,1,1.45186165047141,0.34088222919818,0
"739","4",-0.935501066898125,0,-0.821458176954179,-0.558555863000967,0
"740","22",1.63563194847329,0,0.365254702491769,0.128434802681477,0
"741","5",1.08235424618081,1,0.613725537126318,-0.0434350243995358,1
"742","1",-0.812485074826752,0,-0.772181787384946,-0.783726158600007,1
"743","22",-1.41901703910989,0,0.846837780704534,0.849639403550684,0
"744","20",-0.914090080087967,1,-0.762542148570249,0.8647433892795,0
"745","9",0.30228430212484,0,0.624179764933913,1.04541479440039,0
"746","8",-0.55397214138777,1,1.09349590835253,1.29316594776166,0
"747","2",0.558354189450192,1,-1.00454758225679,-0.509526574090429,0
"748","19",0.318173778127025,0,1.10489964470628,-0.466977916406456,0
"749","23",-1.38406232448826,1,-0.502541588118964,0.270310444571195,0
"750","7",0.77848071859407,1,0.286209009594609,0.64506367268763,0
"751","7",0.172244752032457,0,0.193118993968427,-0.340128395698595,1
"752","9",-0.0329892631173465,0,-0.439818279604935,-0.425183923611651,0
"753","19",0.182786637910012,0,0.259795595844433,-0.623223363702574,0
"754","14",-0.50704668179398,0,-1.24803722082143,1.51079182665884,0
"755","22",-1.37852660491323,1,-0.146952620929819,-2.54329729967277,0
"756","19",0.968648701080642,0,0.820944241694617,-0.165332893138648,1
"757","13",0.331838726294628,0,-2.19758695402258,0.0437442253543229,1
"758","20",0.232088650328507,1,-1.50713034722733,-1.07160902232335,0
"759","9",-0.462788169165035,0,-1.17911882335262,0.396501774084685,1
"760","10",0.570071316355223,0,-1.60892161536472,-1.99357832339978,1
"761","10",-1.62464704158782,1,0.412215762169896,0.975139585470817,0
"762","4",0.802950047637696,0,-1.00906084355938,-1.68500110589248,1
"763","11",-0.696189594604531,1,-2.18794995738175,-2.23298849258622,0
"764","12",1.35499964914284,0,-0.651496105862016,-0.7708357870651,1
"765","4",-1.14497083894104,1,-0.403030267796323,0.16958974202136,0
"766","19",-1.03965177614116,0,0.85213121836574,-0.657050688037865,1
"767","22",0.232170311217666,0,-1.12057233717709,-0.563296926747928,0
"768","11",-0.940427645336474,0,1.15852457208377,0.343446955557266,1
"769","17",-0.55114492667274,1,0.390863757627677,-1.07088902411537,1
"770","6",0.510574104775628,1,0.354629739246325,-0.0822993096572987,1
"771","14",0.865651533294392,1,-0.867786907491648,0.51080546119538,0
"772","13",-0.598429248586905,1,1.95582023293728,1.66500344176291,0
"773","13",0.299815366552998,1,-0.175261163685392,0.492029230686459,0
"774","1",-2.26261000828861,1,-1.84619279076741,1.74706662016051,0
"775","9",1.33313745146317,0,-0.21509244822537,0.465317537070863,0
"776","11",-0.179865700009209,0,-1.9564190585238,0.00162825606429373,1
"777","15",0.157867637098472,0,-0.322407922541587,-2.28764758293746,0
"778","19",0.81402410209913,0,-0.434818059381065,-1.23929358386999,1
"779","22",-0.625924144180406,1,0.676089762081043,-0.319134894029251,1
"780","9",-0.196375822380779,1,1.00578956337756,0.728565608866477,1
"781","20",0.244914522975959,0,-0.740581709376873,-0.322742547417815,1
"782","1",0.696026641416656,1,0.801140143691646,0.557251107416999,1
"783","9",0.37677438382493,0,1.42319065973664,-1.07587786751969,1
"784","14",-0.657384352753162,1,-0.798980905537103,-0.273586065642929,0
"785","5",-0.386788907153664,1,-0.666423768316283,0.225392470119462,0
"786","9",1.16059219462942,0,0.64484574851844,-0.360203491612381,1
"787","8",1.64484268653499,0,0.174212894999607,0.119554606748676,0
"788","5",1.774748353667,0,0.542209372557669,-0.676537842218865,1
"789","23",1.07380557922097,0,1.40342997765483,0.385244158908477,0
"790","2",-1.62004164494,1,0.379514167022367,-0.0774280921606676,1
"791","17",0.750523445995496,1,1.04825654779927,-0.0428795228780559,1
"792","12",1.02580652448006,1,0.616799884838103,-1.97498548979023,0
"793","8",-0.10965973287832,0,0.426340220241145,-0.679505034834218,0
"794","17",0.234023112563447,0,0.378509288399792,-1.50851058402683,0
"795","9",-0.552708478592032,1,1.28936553579247,-1.62643810400331,1
"796","15",0.0866806790496567,0,-1.018450273475,-0.496848618946109,0
"797","21",0.0458532999423238,0,-1.12201180775728,-0.158444964833848,0
"798","21",-1.13692097921949,0,0.585648309666057,0.293050084305517,1
"799","6",-1.45512325199497,0,-0.130403351157673,1.11360980554051,0
"800","5",0.165076359911974,0,0.0644934813801206,0.456417919098798,0
"801","1",-0.82054621051586,0,0.73590634630324,1.03315289994426,0
"802","15",0.288745935275223,0,0.747998591591966,-0.529793624860855,1
"803","22",0.983258090879846,0,-0.274271445559073,-0.30783483270976,0
"804","19",-0.516526833891204,0,-0.324454296030829,1.107418730315,1
"805","2",0.26258725810383,0,0.0640843555654507,0.0061476004454511,0
"806","23",0.988821241735712,1,1.05964329059463,-1.70215485386039,1
"807","19",-0.395049679880636,0,0.418693156572857,-0.855152747534482,0
"808","5",1.10929566699759,0,1.43192895118775,1.02860310681712,0
"809","17",0.62030462323115,1,-0.0176552235705811,-0.6155687815373,0
"810","20",0.90625256037658,1,1.12268187450907,0.343689932307902,1
"811","10",0.0501330471159869,0,0.878510741910109,0.019370952632234,1
"812","9",-1.10236266343349,1,0.605910728411498,-0.499362640034466,1
"813","18",0.805970561016764,0,0.407303132761838,-0.35146684603651,1
"814","1",0.0895741398220807,1,-0.291590146250948,0.402896944374904,1
"815","3",1.62981786982527,1,-0.11968509517184,0.21784666395303,0
"816","11",1.17368268572239,0,0.220848026307651,1.25930732237266,0
"817","11",-0.147822667711022,0,0.0392213032270649,-0.198089501746195,0
"818","17",-0.174633966621509,0,0.939106602643304,-0.933029309502932,0
"819","5",0.129930506299638,1,-0.119966444309524,0.173473493255225,0
"820","8",1.1199914065859,1,-0.0807846026738208,0.721518949099715,1
"821","15",-2.01230564056952,1,-0.497295450790877,2.32332807804704,0
"822","21",-0.289278563229641,0,-0.149165725823481,-0.466166275894443,1
"823","15",1.17624756960068,1,-0.0791633247362617,-0.326643865829976,0
"824","18",0.426607052460297,1,-2.33806442339456,0.901506594827458,0
"825","18",-0.798742000374139,1,-1.38327200492177,1.30666770440062,0
"826","22",-0.878627360929337,0,-0.0829076843873869,-0.664278992062515,1
"827","2",-0.535581267807119,0,-0.276900933491009,0.680103902265052,0
"828","7",0.998616873088389,0,-1.21829218168242,-0.569261189904118,0
"829","7",1.73788420345471,0,-2.01386745634378,-0.972621840529528,0
"830","23",-0.56080196860638,1,-0.366539190527624,0.638236287365079,0
"831","21",-0.185984581725306,0,0.647580013664357,0.113119539628145,1
"832","9",0.256758355231228,1,1.7742713469479,0.400469114805989,1
"833","16",0.495929266551927,0,-0.0486663972156548,-0.584852227555102,1
"834","22",-1.18526932500021,1,1.49247970618295,1.8285625104052,1
"835","3",0.0583217358080985,1,0.0735663812056508,0.680832914754811,1
"836","12",1.01105123504291,1,0.106278065477887,-0.375459995982457,1
"837","19",-0.36066477761727,1,0.316870025388404,0.718892037911372,1
"838","19",0.465513249076963,1,-0.885950499917705,-1.22898742693601,1
"839","5",0.37823394048485,0,-0.0620101089855325,-0.135028674228839,0
"840","23",0.267357050100329,0,0.904114028827736,1.43068880072623,0
"841","4",-0.48424290762092,1,-0.764349108285865,-0.18693368534124,1
"842","9",0.315203656538274,1,-0.333572731621807,0.92995083392912,0
"843","21",-0.203165437588996,1,-1.16486410532431,-0.220544660545755,1
"844","5",0.587475923959439,0,0.346580134996194,-2.32980169187223,1
"845","4",0.563540291788715,1,0.417464877308483,-0.889347232041036,0
"846","17",1.03005473998279,0,0.642399651155567,0.231213621686305,1
"847","6",-0.967271970972082,1,-1.23735041988031,1.47457337678964,1
"848","7",-1.76103583689874,0,0.0979295092292975,-0.597956829804475,0
"849","19",1.16368730853087,0,-0.959886922831215,0.285307169210469,0
"850","4",-0.150027352171673,0,-0.0103579988350701,-0.975305033338085,0
"851","17",0.517325128599464,0,1.3409844928522,-1.0277665587646,1
"852","1",1.1243034953861,1,-0.516620832560643,-0.78480821893029,0
"853","22",-2.05604313091498,1,0.711159673791949,1.3958453104809,0
"854","17",-1.53204919755588,1,-0.764291550550562,0.960246733153458,1
"855","23",-1.15506701103693,1,-0.491468638890808,0.608066341163085,0
"856","6",-1.07372178649082,0,0.431473237069903,1.13819614900402,1
"857","2",0.575206228922086,1,-0.693297405851904,-0.426281361118388,0
"858","8",0.570594480320643,0,-1.72350339865641,0.776627511607953,0
"859","1",0.733729590023469,0,1.26304836477949,0.217897918535562,0
"860","10",-0.176722373432541,1,0.352622440189441,-1.06093253450248,1
"861","4",0.0142440689908185,0,-0.597232127604827,-0.839412043341622,1
"862","7",-0.716629179574182,0,-2.01642383317392,0.0557733501782882,0
"863","1",-0.315647055850944,1,1.90404280561799,0.213834839984067,1
"864","22",1.30912967628648,0,3.40143850956336,-0.321568946616468,0
"865","11",0.839689094560421,1,0.198796945778297,-1.00748274671034,1
"866","13",0.595926987725687,0,0.845109085598882,-2.11935956970599,0
"867","9",0.581198416839844,0,1.22218825146104,0.436947064923715,1
"868","5",-1.78424556173539,0,-0.716130383178684,-0.295065666971989,0
"869","6",-0.400565260456383,1,-0.363346510454812,0.562851392848797,1
"870","7",-0.791853271410337,1,-1.74780949936539,-1.56565651393081,1
"871","13",1.31208362738884,0,-0.751119967698128,-1.26842890699474,1
"872","3",1.24203406110247,0,0.616301129491264,-0.108188557533337,0
"873","13",-1.58223940068864,1,-0.302490965263622,-1.43045315288219,1
"874","9",1.00080560412903,1,-0.225511768458239,-2.00969785193337,0
"875","19",-0.929687968910648,1,-0.123228993232756,0.801029525644436,1
"876","3",-1.00124755697193,1,-1.88520276921686,0.9201761665702,1
"877","13",1.33863308927806,0,0.832856810783269,-1.04148965469274,0
"878","22",0.113119683420684,1,-1.46242132183241,-0.271480522603091,1
"879","11",-0.629396582198646,1,-0.219835389648545,-1.14715980771841,0
"880","20",-0.154739347212155,1,-0.451255892726143,0.326400973934468,1
"881","1",-0.255226882749957,0,-0.229921245005666,-0.0252310846881937,0
"882","21",1.32327309571194,1,1.4590546733193,-0.878423440757003,1
"883","15",-1.40735445888916,1,-0.595642803369595,-0.781659630904409,0
"884","8",1.02469551941288,0,-0.797928003005426,-1.07412008077614,1
"885","7",0.370691913890086,1,-1.53905503896574,0.448263719248798,0
"886","17",-2.68042310540105,1,-0.820668734256035,0.585048240473304,0
"887","11",0.373838995319247,0,-1.18339232844221,0.387407838086056,1
"888","21",0.265357434452573,0,0.400506707703545,-0.851428387552599,1
"889","15",0.605076552752832,0,-0.878330507075895,-1.80977124664884,0
"890","16",-0.100709537719052,0,0.295957778240251,0.544274182132064,1
"891","2",0.28296692215692,1,-0.157307094114014,-0.174965204353391,0
"892","18",0.232763444416515,1,-1.45242898865592,-0.0351002541241962,1
"893","7",-0.293024684979338,1,-0.805484796847701,1.05353083800887,0
"894","4",0.144162178499138,1,0.88063398026601,-0.902862956738928,1
"895","14",-0.788023651489511,1,0.898709082913384,1.16720487112113,0
"896","14",0.131966550164581,1,2.00804772175424,-0.414868475491169,0
"897","11",0.24996337084005,0,-0.0135734889072907,-0.719655345119529,1
"898","20",0.135794908160461,0,-1.51508000050316,-0.204110497220835,1
"899","12",-0.775605573353717,0,-0.783156335315389,0.401168965537844,0
"900","16",0.383822849867074,1,0.401052381544237,-0.205603464646174,1
"901","16",-0.417236856372179,1,1.90195650258336,-0.909965986040773,0
"902","18",-1.34928962270191,1,0.100720812280521,-0.281200305280208,0
"903","2",0.919910319581976,1,1.13749243325682,-2.57760122698913,0
"904","4",0.349831733540402,1,0.76287660326706,-0.511710798992662,0
"905","20",0.211931950537689,1,-1.18531107638557,0.468168532113552,1
"906","15",0.367106169207516,1,-0.182145440173589,-0.167041489054068,1
"907","22",0.0040655138490823,1,1.30339026016882,0.704240541602786,1
"908","9",0.286529863802482,1,0.871561684656008,0.498664067678481,0
"909","1",-1.16330342918189,1,0.456703225005343,0.66087800717157,0
"910","17",-0.854961952982942,0,0.470103973150262,0.671442251270457,0
"911","8",-0.315012673194485,0,-0.50442563631138,-1.761422448759,1
"912","11",-0.0837019458258234,0,-1.33754360746586,0.00914724396871061,0
"913","10",-0.0012259735391695,1,1.29349347978838,1.66101848538411,0
"914","22",0.352531733033672,1,-1.43900350351964,-0.483236798886571,1
"915","18",1.05537881872365,0,-0.954693119959961,0.464954235706406,1
"916","5",0.0554111133244677,1,0.622897016908721,0.15060467788877,0
"917","17",-0.747233090710298,1,-1.27999795119544,0.570828110364613,1
"918","3",-0.771973552836837,1,-0.56526596037944,-0.271452937635261,1
"919","1",0.307541431729652,0,-1.20011022955089,-0.653730636271924,0
"920","12",0.264985226544214,0,0.614544068285635,0.078031102903476,1
"921","24",0.893830435857075,0,0.685007716989329,0.556652326457691,1
"922","24",1.1506933473471,0,0.290955955855345,-0.774480548515009,1
"923","24",0.899538829144154,1,1.74098588756004,1.18656845821704,0
"924","24",0.141532205208772,1,-0.512069236401506,-0.367895633828031,1
"925","24",1.62437869813767,0,-0.137336620573786,0.523103212750245,1
"926","24",0.0450582394465332,1,0.125554891253582,-1.30783208686594,1
"927","24",0.955775523593656,0,-0.195961198074898,0.65368277394494,1
"928","24",-0.567095051527513,0,0.0655847217871997,0.446870764868316,1
"929","24",2.06279498841185,0,-0.46232330152289,-2.31033327406133,0
"930","24",1.32462685449063,0,0.873686512703983,-0.819720527209116,1
"931","24",2.5031570701982,0,-0.180060043746559,-1.0378474653849,0
"932","24",-0.485841794811228,1,-0.0618056439406641,0.923642694404095,1
"933","24",-0.103984952211191,0,0.028686074450813,0.577161064724152,0
"934","24",1.74969496328892,1,-0.942973441336574,-0.816694842533739,1
"935","24",0.834681341910897,1,0.478406871919926,-0.210608449225244,0
"936","24",-0.62193691115266,0,-0.390223961784598,0.798093388131598,1
"937","24",1.7293842331204,1,0.210175337346465,-1.62479166363746,1
"938","24",0.433717329420548,0,0.0848546594276264,0.0353154488837107,1
"939","24",0.947355869325854,1,0.358243310367086,0.291190485302031,1
"940","24",1.42216762907371,1,0.406710671500931,0.439177275565702,1
"941","24",1.37649276629768,0,0.290001431699517,-1.08091830464444,0
"942","24",1.42075838361386,1,0.833981025908306,-0.666682816014871,0
"943","24",1.58408970741498,1,-0.64112875713101,0.454796319603384,0
"944","24",0.479336581814175,0,-0.437488104339517,0.186612134353051,1
"945","24",-0.287274184505532,1,0.406839425241803,0.84421282985522,0
"946","24",0.642940764290802,1,-0.951317069910334,0.993612025798748,1
"947","24",0.977696350974494,1,1.16994895376355,0.151341199583457,1
"948","24",0.59659280202006,0,-0.220639194427338,1.82616678628855,0
"949","24",1.35326591316158,0,-0.0899153074664266,0.160892634473035,1
"950","24",0.955985005230086,0,-0.901378218349316,0.374053086036833,1
"951","24",1.51070751715753,0,1.0464188609379,0.442997776796633,0
"952","24",0.0361458661299232,1,0.383583170605266,-1.15318317022431,0
"953","24",0.950494763930151,1,0.352312128312632,0.147604558703293,0
"954","24",2.6330011479604,0,-0.494926420848196,-0.320706911322931,1
"955","24",0.862429155368001,0,-0.746381069298826,0.207641619379583,1
"956","24",0.126555757807373,1,-0.642064313326792,-0.0112624066146914,0
"957","24",1.53012356987198,1,1.70512049407781,-0.409253825364225,1
"958","24",2.36608078345592,0,-0.0956151975363346,-1.18501916362426,0
"959","24",1.32231504236923,1,2.08163680732368,-0.979881833475133,1
"960","24",1.71723181780955,1,0.0387808401378149,-2.15146448026628,1
"961","25",-1.54972699134945,0,-0.657841224723279,0.705248270709869,0
"962","25",-0.822690224724157,0,-1.48682234553875,-2.45562313412019,1
"963","25",1.13691961535709,0,-0.494805889740164,-1.2431208524563,0
"964","25",0.0754558679795533,0,0.267833583556345,-1.01872684922898,0
"965","25",2.13780358813711,0,0.5222453149067,0.277299738322004,1
"966","25",-0.0561356625034227,0,0.0602215383986094,0.647090648703409,0
"967","25",-0.884544284307367,1,-1.44628407361703,-1.41319807654773,1
"968","25",-0.766818501550034,0,0.572861613446504,0.824843011519508,1
"969","25",-2.87892750599488,1,-0.775270159530129,3.51533739502748,0
"970","25",-1.05634194452801,1,-2.12992060861867,1.04674749414229,1
"971","25",-1.11888777915251,0,-1.41481891583177,-0.90971700580212,1
"972","25",0.217071645240362,1,0.785943053574789,-1.21186235461109,1
"973","25",0.611055274896027,1,0.281725002978058,-0.642370710654078,0
"974","25",-3.32175089452486,0,-0.803732173340112,1.6252014922499,0
"975","25",-1.63273495850589,1,-3.76846212103938,-0.112759020736405,1
"976","25",0.42250981996931,1,0.5944028098143,-0.322778799314899,0
"977","25",-0.0456554536914555,0,0.561139578911768,1.0946839669758,1
"978","25",-2.75668726566476,1,-0.19519502886313,1.75220180619464,0
"979","25",0.428349788297875,1,-0.769029778562021,-0.768014276032065,0
"980","25",-0.279922982644361,0,-1.44298883616431,0.303216793025322,0
"981","25",1.98010942587739,0,-0.588648333167252,-0.613389657331482,1
"982","25",1.0376868557405,0,-0.385489653579357,-1.00210103064823,1
"983","25",-1.65719165413961,0,-0.950541882863032,1.05531398200714,1
"984","25",1.12396060263247,0,-1.0744903604261,-0.324960779361304,0
"985","25",-0.85525921257908,1,1.06373038011997,0.616208401424686,0
"986","25",1.23588633619775,0,-0.539896751198403,-1.00083010666186,0
"987","25",2.37823437697703,0,0.336417419186289,0.263642161280977,0
"988","25",-0.0142516871818904,1,0.250944282059377,-2.1546930545434,1
"989","25",1.68528556718785,0,0.431834486849768,-1.13633074060473,0
"990","25",-3.33480886323777,1,-0.504656018917203,1.0331029132291,1
"991","25",-4.11156677168222,1,0.566836142598819,-0.675358178141413,1
"992","25",-2.56359128654128,0,0.134524361096307,-0.0581678058257336,1
"993","25",0.500961748066438,1,1.20137819340254,-1.1836245018486,0
"994","25",-3.76399128588126,1,0.133930843282492,-1.65429612759735,1
"995","25",-4.4476384262453,1,-0.719984678054248,-0.21434656575622,1
"996","25",3.8863872812253,0,1.62685693164997,0.524007453089539,1
"997","25",0.46661539670988,1,-0.286339205933292,-0.987603218347978,0
"998","25",0.134030123142589,1,0.176385193985224,0.143248610045482,0
"999","25",-0.0916215615428887,0,1.61941498778258,1.57400021249881,0
"1000","25",2.36999251705318,0,0.305649843345287,-0.211103659889582,1
